id,date,ville,name,categorie,pml_avant,fra_avant,maison_avant,pml_apres,fra_apres,somme_detail,delta
1,2020-07-26,ABLEIGES,PML,RECALCUL,37,0,50,87,0,87,50
3,2022-03-26,ABLEIGES,FRA,PERTE,0,30,0,0,0,0,-30
7,2011-03-27,ABLEIGES,FRA,MAISON,0,0,5,0,0,0,0
8,2018-08-12,ABLEIGES,PML,RECALCUL,1,0,30,31,0,31,30
12,2020-07-25,ABLEIGES,FRA,PERTE,0,30,0,0,0,0,-30
14,2019-04-13,ABLEIGES,FRA,RECALCUL,0,13,5,0,18,18,5
15,2018-08-11,ABLEIGES,PML,PERTE,1,0,0,0,0,0,-1
17,2023-05-27,ABLEIGES,FRA,PERTE,0,20,0,0,0,0,-20
19,2023-10-15,ABLEIGES,FRA,RECALCUL,0,0,0,0,6,6,6
20,2023-03-12,ABLEIGES,FRA,RECALCUL,0,0,1,0,1,1,1
21,2021-06-12,ABLEIGES,FRA,RECALCUL,0,7,2,0,9,9,2
23,2020-09-20,ABLEIGES,FRA,PERTE,0,20,0,0,0,0,-20
28,2016-07-09,ABLEIGES,PML,RECALCUL,0,0,5,5,0,5,5
31,2019-10-12,ABLEIGES,PML,PERTE,7,0,0,0,0,0,-7
34,2018-10-14,ABLEIGES,PML,PERTE,1,0,0,0,0,0,-1
36,2019-07-14,ABLEIGES,FRA,PERTE,0,2,0,0,0,0,-2
38,2020-01-11,ABLEIGES,PML,RECALCUL,6,0,32,38,0,38,32
41,2023-11-11,ABLEIGES,FRA,MAISON,0,0,3,0,0,0,0
44,2022-04-10,ABLEIGES,FRA,RECALCUL,0,13,8,0,21,21,8
47,2022-03-27,ABLEIGES,FRA,RECALCUL,0,3,5,0,8,8,5
49,2020-10-10,ABLEIGES,FRA,PERTE,0,20,0,0,0,0,-20
50,2014-04-12,ABLEIGES,PML,RECALCUL,15,0,30,45,0,45,30
51,2019-05-12,ABLEIGES,PML,PERTE,15,0,0,0,0,0,-15
55,2017-06-04,ACHERES,FRA,RECALCUL,0,108,0,0,66,66,-42
56,2023-05-28,ACHERES,FRA,RECALCUL,0,43,0,0,10,10,-33
58,2013-05-19,ACHERES,FRA,PERTE,0,13,10,0,0,0,-13
61,2013-05-19,ACHERES,PML,PERTE,2,0,0,0,0,0,-2
62,2011-03-20,ACHERES,PML,PERTE,50,0,0,0,0,0,-50
64,2022-06-05,ACHERES,FRA,RECALCUL,0,42,0,0,15,15,-27
65,2013-03-10,ACHERES,PML,RECALCUL,23,0,48,66,0,66,43
66,2012-07-08,ACHERES,PML,PERTE,45,0,0,0,0,0,-45
68,2011-06-12,ACHERES,FRA,MAISON,0,0,30,0,0,0,0
69,2016-05-15,ACHERES,PML,RECALCUL,2,0,10,12,0,12,10
70,2012-05-27,ACHERES,PML,PERTE,30,0,0,0,0,0,-30
71,2009-05-30,ACHERES,PML,PERTE,40,0,0,0,0,0,-40
72,2010-09-26,ACHERES,PML,PERTE,35,0,0,0,0,0,-35
73,2012-03-11,ACHERES,PML,RECALCUL,70,0,0,20,0,20,-50
74,2014-06-14,AGNEAUX,PML,RECALCUL,35,0,15,50,0,50,15
75,2014-06-14,AGNEAUX,FRA,RECALCUL,0,1,19,0,20,20,19
77,2021-08-15,AHUN,PML,PERTE,75,0,0,0,0,0,-75
78,2023-09-24,AINCOURT,FRA,RECALCUL,0,0,10,0,5,5,5
79,2010-08-28,ALIZAY,FRA,PERTE,0,20,0,0,0,0,-20
80,2022-08-27,ALIZAY,FRA,RECALCUL,0,0,1,0,1,1,1
82,2023-06-18,ANDEVILLE,FRA,PERTE,0,45,0,0,0,0,-45
83,2015-10-18,ANDRESY,FRA,RECALCUL,0,56,40,0,96,96,40
84,2019-10-20,ANDRESY,PML,RECALCUL,8,0,20,28,0,28,20
85,2022-10-16,ANDRESY,PML,RECALCUL,45,0,0,10,0,10,-35
86,2022-10-16,ANDRESY,FRA,RECALCUL,0,0,27,0,11,11,11
87,2021-10-17,ANDRESY,FRA,RECALCUL,0,8,24,0,32,32,24
91,2011-10-23,ANDRESY,PML,PERTE,35,0,20,0,0,0,-35
92,2020-10-11,ANDRESY,FRA,RECALCUL,0,5,1,0,6,6,1
93,2014-10-19,ANDRESY,PML,RECALCUL,0,0,32,32,0,32,32
96,2013-10-20,ANDRESY,FRA,PERTE,0,15,0,0,0,0,-15
98,2015-10-18,ANDRESY,PML,RECALCUL,0,0,137,137,0,137,137
101,2022-08-15,ANNOVILLE,FRA,RECALCUL,0,0,27,0,27,27,27
103,2014-08-16,ANNOVILLE,PML,PERTE,20,0,0,0,0,0,-20
104,2019-08-15,ANSAUVILLERS,PML,RECALCUL,8,0,35,43,0,43,35
105,2018-08-15,ANSAUVILLERS,PML,RECALCUL,10,0,4,14,0,14,4
107,2018-08-15,ANSAUVILLERS,FRA,RECALCUL,0,17,8,0,25,25,8
108,2017-05-20,ARGENTEUIL,PML,RECALCUL,22,0,39,61,0,61,39
109,2013-05-25,ARGENTEUIL,PML,RECALCUL,8,0,0,1,0,1,-7
111,2010-05-15,ARGENTEUIL,FRA,MAISON,0,0,72,0,0,0,0
112,2014-05-17,ARGENTEUIL,FRA,RECALCUL,0,0,24,0,6,6,6
113,2012-05-19,ARGENTEUIL,FRA,PERTE,0,15,0,0,0,0,-15
115,2012-05-19,ARGENTEUIL,PML,PERTE,25,0,0,0,0,0,-25
116,2014-05-17,ARGENTEUIL,PML,RECALCUL,20,0,4,24,0,24,4
117,2015-05-16,ARGENTEUIL,PML,RECALCUL,60,0,0,55,0,55,-5
118,2013-05-25,ARGENTEUIL,FRA,PERTE,0,6,0,0,0,0,-6
122,2017-05-20,ARGENTEUIL,FRA,RECALCUL,0,0,19,0,19,19,19
124,2010-09-05,ARNOUVILLE,FRA,PERTE,0,15,0,0,0,0,-15
126,2011-09-04,ARNOUVILLE,PML,PERTE,20,0,0,0,0,0,-20
129,2011-06-02,ASNIERES-SUR-OISE,PML,PERTE,10,0,0,0,0,0,-10
130,2018-07-01,AUBERGENVILLE,PML,RECALCUL,44,0,20,64,0,64,20
131,2011-07-03,AUBERGENVILLE,FRA,MAISON,0,0,15,0,0,0,0
134,2014-06-29,AUBERGENVILLE,FRA,RECALCUL,0,0,4,0,4,4,4
142,2022-04-17,AUTHEUIL-AUTHOUILLET,PML,PERTE,60,0,0,0,0,0,-60
144,2022-04-17,AUTHEUIL-AUTHOUILLET,FRA,RECALCUL,0,0,3,0,3,3,3
145,2019-04-21,AUTHEUIL-AUTHOUILLET,FRA,RECALCUL,0,17,15,0,32,32,15
147,2010-07-14,AUTHEVERNES,PML,PERTE,50,0,0,0,0,0,-50
150,2011-03-13,AUVERS-SUR-OISE,PML,PERTE,10,0,0,0,0,0,-10
151,2016-03-27,AUVERS-SUR-OISE,FRA,MAISON,0,0,2,0,0,0,0
152,2017-03-26,AUVERS-SUR-OISE,PML,RECALCUL,0,0,5,5,0,5,5
153,2016-03-27,AUVERS-SUR-OISE,PML,RECALCUL,11,0,15,26,0,26,15
154,2011-03-13,AUVERS-SUR-OISE,FRA,MAISON,0,0,11,0,0,0,0
155,2015-06-21,AVERNES,FRA,RECALCUL,0,5,7,0,12,12,7
156,2009-06-21,AVERNES,PML,PERTE,130,0,0,0,0,0,-130
163,2015-06-21,AVERNES,PML,RECALCUL,5,0,7,12,0,12,7
164,2013-04-27,BAGNOLET,PML,PERTE,25,0,0,0,0,0,-25
170,2022-04-03,BAZEMONT,FRA,RECALCUL,0,0,3,0,3,3,3
172,2014-04-27,BEAUCHAMP,PML,RECALCUL,10,0,3,13,0,13,3
173,2016-04-02,BEAUCHAMP,FRA,RECALCUL,0,0,15,0,15,15,15
174,2009-05-03,BEAUCHAMP,PML,PERTE,20,0,0,0,0,0,-20
175,2010-04-03,BEAUCHAMP,PML,MAISON,0,0,37,0,0,0,0
176,2014-04-05,BEAUCHAMP,FRA,MAISON,0,0,26,0,0,0,0
177,2013-04-06,BEAUCHAMP,PML,RECALCUL,25,0,20,45,0,45,20
179,2011-04-02,BEAUCHAMP,FRA,MAISON,0,0,15,0,0,0,0
180,2014-04-05,BEAUCHAMP,PML,RECALCUL,5,0,7,12,0,12,7
187,2010-04-10,BENNECOURT,PML,MAISON,0,0,75,0,0,0,0
188,2011-04-02,BENNECOURT,PML,PERTE,30,0,0,0,0,0,-30
190,2012-03-31,BENNECOURT,PML,PERTE,110,0,0,0,0,0,-110
191,2015-04-11,BENNECOURT,FRA,RECALCUL,0,25,0,0,21,21,-4
192,2016-04-02,BENNECOURT,PML,RECALCUL,27,0,59,86,0,86,59
193,2010-02-20,BERNES-SUR-OISE,PML,MAISON,0,0,28,0,0,0,0
195,2010-03-06,BERNES-SUR-OISE,FRA,MAISON,0,0,30,0,0,0,0
196,2011-03-06,BERNES-SUR-OISE,FRA,MAISON,0,0,5,0,0,0,0
197,2010-03-06,BERNES-SUR-OISE,PML,MAISON,0,0,35,0,0,0,0
203,2011-06-05,BESSANCOURT,FRA,PERTE,0,30,0,0,0,0,-30
206,2014-06-01,BESSANCOURT,FRA,RECALCUL,0,0,8,0,8,8,8
207,2010-06-06,BESSANCOURT,PML,MAISON,0,0,35,0,0,0,0
208,2013-06-02,BESSANCOURT,PML,PERTE,5,0,0,0,0,0,-5
209,2012-06-03,BESSANCOURT,PML,PERTE,80,0,0,0,0,0,-80
211,2011-09-10,BEYNES,PML,PERTE,25,0,0,0,0,0,-25
212,2012-09-08,BEYNES,PML,PERTE,30,0,0,0,0,0,-30
213,2013-09-07,BEYNES,PML,PERTE,65,0,0,0,0,0,-65
215,2013-09-07,BEYNES,FRA,PERTE,0,15,15,0,0,0,-15
217,2023-09-23,BEYNES,FRA,RECALCUL,0,1,26,0,27,27,26
218,2016-09-10,BEYNES,PML,RECALCUL,2,0,7,9,0,9,7
219,2021-09-25,BEYNES,FRA,RECALCUL,0,2,8,0,10,10,8
220,2009-09-12,BEYNES,FRA,PERTE,0,20,0,0,0,0,-20
221,2010-09-11,BEYNES,PML,PERTE,40,0,0,0,0,0,-40
225,2014-09-06,BEYNES,FRA,RECALCUL,0,40,21,0,22,22,-18
227,2011-09-25,BEZONS,PML,PERTE,35,0,0,0,0,0,-35
229,2010-09-19,BEZONS,FRA,PERTE,0,50,0,0,0,0,-50
230,2013-09-22,BEZONS,PML,PERTE,50,0,0,0,0,0,-50
231,2022-09-25,BEZONS,FRA,RECALCUL,0,0,18,0,18,18,18
234,2022-09-04,BEZU-SAINT-ELOI,FRA,RECALCUL,0,1,5,0,6,6,5
235,2020-09-06,BEZU-SAINT-ELOI,FRA,RECALCUL,0,0,15,0,15,15,15
237,2021-09-05,BEZU-SAINT-ELOI,FRA,RECALCUL,0,0,30,0,18,18,18
241,2019-05-01,BISCARROSSE,FRA,RECALCUL,0,0,36,0,36,36,36
243,2015-08-09,BLAINVILLE-SUR-MER,PML,RECALCUL,0,0,17,17,0,17,17
246,2013-08-17,BLONVILLE-SUR-MER,FRA,PERTE,0,35,0,0,0,0,-35
248,2021-06-06,BOIS-D'ARCY,FRA,RECALCUL,0,5,11,0,16,16,11
255,2022-04-17,BOIS-JÉRÔME-SAINT-OUEN,FRA,RECALCUL,0,6,19,0,25,25,19
256,2010-04-11,BOISSY-L'AILLERIE,PML,MAISON,0,0,15,0,0,0,0
258,2016-10-23,BOISSY-LE-BOIS,FRA,RECALCUL,0,0,10,0,10,10,10
259,2016-10-23,BOISSY-LE-BOIS,PML,RECALCUL,5,0,1,6,0,6,1
260,2022-10-23,BOISSY-LE-BOIS,FRA,RECALCUL,0,2,5,0,7,7,5
266,2012-10-20,BONDY,PML,PERTE,12,0,10,0,0,0,-12
267,2014-10-26,BONDY,FRA,PERTE,0,7,0,0,0,0,-7
269,2009-07-14,BONNIERES-SUR-SEINE,FRA,PERTE,0,55,0,0,0,0,-55
271,2011-07-14,BONNIERES-SUR-SEINE,PML,PERTE,50,0,0,0,0,0,-50
273,2012-07-14,BONNIERES-SUR-SEINE,PML,PERTE,12,0,0,0,0,0,-12
278,2011-07-03,BORNEL,PML,PERTE,20,0,0,0,0,0,-20
279,2010-07-04,BORNEL,PML,PERTE,25,0,0,0,0,0,-25
280,2015-07-05,BORNEL,PML,RECALCUL,16,0,8,19,0,19,3
282,2012-07-01,BORNEL,PML,PERTE,30,0,0,0,0,0,-30
284,2012-05-06,BOUAFLES,PML,PERTE,5,0,0,0,0,0,-5
285,2014-05-03,BOUAFLES,PML,RECALCUL,22,0,22,44,0,44,22
286,2014-05-03,BOUAFLES,FRA,PERTE,0,20,20,0,0,0,-20
287,2015-05-02,BOUAFLES,FRA,RECALCUL,0,2,5,0,7,7,5
290,2012-05-05,BOUAFLES,PML,PERTE,40,0,0,0,0,0,-40
292,2013-05-04,BOUAFLES,PML,RECALCUL,29,0,65,94,0,94,65
293,2013-05-04,BOUAFLES,FRA,MAISON,0,0,25,0,0,0,0
294,2023-05-01,BOUBIERS,PML,PERTE,40,0,0,0,0,0,-40
298,2019-06-16,BOUCONVILLERS,FRA,RECALCUL,0,0,8,0,8,8,8
304,2011-06-12,BOUFFEMONT,PML,PERTE,20,0,0,0,0,0,-20
305,2023-09-24,BOUGIVAL,PML,PERTE,30,0,0,0,0,0,-30
307,2022-08-27,BOURGVALLÉES,FRA,PERTE,0,50,0,0,0,0,-50
308,2017-07-02,BOYNES,PML,RECALCUL,14,0,35,49,0,49,35
309,2023-07-01,BRENOUILLE,FRA,RECALCUL,0,0,2,0,2,2,2
310,2010-04-10,BRETIGNY-SUR-ORGE,FRA,MAISON,0,0,10,0,0,0,0
315,2022-07-17,BREVAL,FRA,PERTE,0,60,0,0,0,0,-60
319,2010-07-25,BREVAL,FRA,PERTE,0,45,0,0,0,0,-45
323,2010-08-29,BREVAL,FRA,PERTE,0,15,0,0,0,0,-15
334,2009-07-26,BRIERES-LES-SCELLES,PML,PERTE,140,0,0,0,0,0,-140
335,2009-07-25,BRIONNE,PML,PERTE,25,0,0,0,0,0,-25
337,2013-05-12,BRUYERES-SUR-OISE,PML,RECALCUL,26,0,17,43,0,43,17
339,2012-10-28,BUCHELAY,PML,PERTE,10,0,0,0,0,0,-10
341,2013-06-30,BUHY,PML,RECALCUL,8,0,12,20,0,20,12
343,2023-05-20,BULLION,PML,RECALCUL,13,0,45,58,0,58,45
345,2013-05-11,BULLION,PML,RECALCUL,60,0,15,75,0,75,15
347,2023-05-20,BULLION,FRA,RECALCUL,0,12,18,0,30,30,18
348,2022-05-01,BUTRY-SUR-OISE,FRA,RECALCUL,0,2,3,0,5,5,3
349,2018-05-06,BUTRY-SUR-OISE,FRA,PERTE,0,7,0,0,0,0,-7
350,2021-08-22,CAJARC,PML,PERTE,180,0,0,0,0,0,-180
351,2023-09-03,CAPPELLE-LA-GRANDE,FRA,PERTE,0,20,22,0,0,0,-20
352,2022-08-06,CARENTAN,FRA,PERTE,0,40,0,0,0,0,-40
353,2023-09-24,CARRIÈRES-SOUS-POISSY,PML,PERTE,63,0,0,0,0,0,-63
354,2023-09-24,CARRIÈRES-SOUS-POISSY,FRA,PERTE,0,50,15,0,0,0,-50
356,2011-06-18,CARRIÈRES-SOUS-POISSY,FRA,MAISON,0,0,4,0,0,0,0
357,2011-05-14,CARRIÈRES-SOUS-POISSY,PML,PERTE,40,0,0,0,0,0,-40
359,2013-06-22,CARRIÈRES-SOUS-POISSY,PML,PERTE,10,0,8,0,0,0,-10
360,2010-06-19,CARRIÈRES-SOUS-POISSY,PML,PERTE,5,0,17,0,0,0,-5
361,2012-06-23,CARRIÈRES-SOUS-POISSY,PML,PERTE,15,0,0,0,0,0,-15
364,2011-06-19,CARRIÈRES-SUR-SEINE,FRA,MAISON,0,0,10,0,0,0,0
365,2011-06-19,CARRIERES-SUR-SEINE,PML,PERTE,15,0,0,0,0,0,-15
366,2010-06-13,CARRIERES-SUR-SEINE,PML,PERTE,20,0,0,0,0,0,-20
369,2013-03-03,CERGY,PML,PERTE,27,0,10,0,0,0,-27
372,2017-05-14,CERGY,PML,RECALCUL,15,0,11,26,0,26,11
373,2023-10-01,CERGY,PML,RECALCUL,28,0,0,20,0,20,-8
374,2017-05-21,CERGY,FRA,RECALCUL,0,0,2,0,2,2,2
375,2009-05-10,CERGY,PML,PERTE,2,0,0,0,0,0,-2
376,2022-10-02,CERGY,FRA,RECALCUL,0,0,5,0,5,5,5
378,2012-10-07,CERGY,PML,PERTE,10,0,0,0,0,0,-10
381,2009-03-22,CERGY,PML,PERTE,150,0,0,0,0,0,-150
384,2011-03-20,CERGY,FRA,MAISON,0,0,25,0,0,0,0
387,2016-05-22,CERGY,FRA,PERTE,0,2,0,0,0,0,-2
388,2014-03-23,CERGY,PML,RECALCUL,20,0,0,10,0,10,-10
390,2014-10-05,CERGY,PML,RECALCUL,9,0,7,16,0,16,7
393,2012-05-13,CERGY,PML,PERTE,25,0,0,0,0,0,-25
398,2015-03-29,CERGY,PML,PERTE,15,0,0,0,0,0,-15
399,2012-11-11,CERGY,PML,PERTE,80,0,0,0,0,0,-80
401,2012-03-18,CERGY,PML,PERTE,46,0,0,0,0,0,-46
402,2017-04-15,CERGY,FRA,MAISON,0,0,1,0,0,0,0
403,2010-03-21,CERGY,PML,MAISON,0,0,5,0,0,0,0
404,2023-04-29,CERGY,PML,PERTE,10,0,0,0,0,0,-10
405,2015-05-24,CERGY,FRA,RECALCUL,0,21,0,0,15,15,-6
406,2010-05-02,CERGY,FRA,MAISON,0,0,40,0,0,0,0
408,2023-10-15,CERGY,PML,PERTE,10,0,0,0,0,0,-10
409,2019-05-04,CESTAS,PML,MAISON,0,0,10,0,0,0,0
411,2020-09-13,CHAMBLY,PML,RECALCUL,20,0,6,26,0,26,6
412,2020-09-06,CHAMBLY,PML,RECALCUL,70,0,0,24,0,24,-46
417,2015-04-19,CHAMBLY,FRA,RECALCUL,0,0,5,0,5,5,5
418,2012-05-20,CHAMBLY,PML,PERTE,55,0,0,0,0,0,-55
419,2010-05-16,CHAMBLY,FRA,MAISON,0,0,28,0,0,0,0
420,2021-09-05,CHAMBORS,PML,RECALCUL,66,0,0,24,0,24,-42
421,2021-09-05,CHAMBORS,FRA,RECALCUL,0,0,2,0,2,2,2
425,2013-02-24,CHAMPAGNE-SUR-OISE,PML,MAISON,0,0,45,0,0,0,0
426,2019-02-24,CHAMPAGNE-SUR-OISE,PML,PERTE,13,0,34,0,0,0,-13
428,2014-11-16,CHAMPAGNE-SUR-OISE,FRA,RECALCUL,0,2,20,0,22,22,20
429,2015-02-22,CHAMPAGNE-SUR-OISE,FRA,RECALCUL,0,0,18,0,18,18,18
430,2022-11-13,CHAMPAGNE-SUR-OISE,FRA,RECALCUL,0,15,3,0,18,18,3
431,2011-11-13,CHAMPAGNE-SUR-OISE,FRA,PERTE,0,100,0,0,0,0,-100
432,2012-02-26,CHAMPAGNE-SUR-OISE,PML,PERTE,15,0,0,0,0,0,-15
434,2015-02-22,CHAMPAGNE-SUR-OISE,PML,RECALCUL,78,0,50,128,0,128,50
436,2013-11-17,CHAMPAGNE-SUR-OISE,PML,RECALCUL,130,0,45,175,0,175,45
437,2011-02-27,CHAMPAGNE-SUR-OISE,FRA,PERTE,0,55,23,0,0,0,-55
439,2010-02-28,CHAMPAGNE-SUR-OISE,PML,MAISON,0,0,15,0,0,0,0
444,2011-11-05,CHAMPIGNY-SUR-MARNE,PML,PERTE,50,0,0,0,0,0,-50
449,2016-11-05,CHAMPIGNY-SUR-MARNE,FRA,PERTE,0,3,0,0,0,0,-3
451,2011-11-06,CHAMPIGNY-SUR-MARNE,PML,PERTE,10,0,0,0,0,0,-10
452,2014-11-08,CHAMPIGNY-SUR-MARNE,PML,RECALCUL,27,0,30,57,0,57,30
454,2011-05-28,CHAMPIGNY-SUR-MARNE,PML,PERTE,20,0,0,0,0,0,-20
455,2016-11-05,CHAMPIGNY-SUR-MARNE,PML,RECALCUL,24,0,2,26,0,26,2
459,2015-11-07,CHANTELOUP-LES-VIGNES,FRA,PERTE,0,25,0,0,0,0,-25
461,2011-05-14,CHANTELOUP-LES-VIGNES,PML,PERTE,30,0,0,0,0,0,-30
462,2013-04-13,CHANTELOUP-LES-VIGNES,PML,PERTE,35,0,0,0,0,0,-35
464,2012-05-12,CHANTELOUP-LES-VIGNES,FRA,PERTE,0,22,0,0,0,0,-22
465,2016-04-16,CHANTELOUP-LES-VIGNES,PML,PERTE,8,0,0,0,0,0,-8
466,2013-04-13,CHANTELOUP-LES-VIGNES,FRA,PERTE,0,10,10,0,0,0,-10
467,2019-04-06,CHANTELOUP-LES-VIGNES,PML,PERTE,35,0,0,0,0,0,-35
468,2018-10-13,CHANTELOUP-LES-VIGNES,FRA,PERTE,0,39,0,0,0,0,-39
469,2012-06-10,CHANTELOUP-LES-VIGNES,PML,PERTE,30,0,0,0,0,0,-30
470,2019-04-06,CHANTELOUP-LES-VIGNES,FRA,PERTE,0,20,0,0,0,0,-20
473,2010-05-14,CHARENTON-LE-PONT,PML,MAISON,0,0,170,0,0,0,0
475,2012-11-04,CHARLEVAL,PML,PERTE,15,0,0,0,0,0,-15
477,2022-11-06,CHARLEVAL,FRA,PERTE,0,150,0,0,0,0,-150
478,2018-10-28,CHARS,PML,RECALCUL,34,0,16,50,0,50,16
479,2012-10-28,CHARS,FRA,PERTE,0,25,0,0,0,0,-25
480,2016-10-31,CHARS,PML,RECALCUL,0,0,2,1,0,1,1
481,2016-10-30,CHARS,PML,PERTE,2,0,54,0,0,0,-2
484,2010-10-31,CHARS,FRA,PERTE,0,50,0,0,0,0,-50
486,2009-07-19,CHATEAU-RENAULT,FRA,PERTE,0,5,0,0,0,0,-5
487,2011-05-21,CHATENAY-MALABRY,PML,PERTE,25,0,0,0,0,0,-25
489,2012-05-26,CHATENAY-MALABRY,PML,PERTE,12,0,0,0,0,0,-12
491,2023-05-29,CHATOU,PML,RECALCUL,120,0,0,55,0,55,-65
493,2017-04-16,CHAUSSY,PML,RECALCUL,30,0,25,55,0,55,25
496,2022-04-17,CHAUSSY,PML,PERTE,60,0,0,0,0,0,-60
498,2016-04-17,CHAUSSY,PML,RECALCUL,3,0,20,23,0,23,20
501,2022-05-15,CHAVENCON,PML,PERTE,12,0,0,0,0,0,-12
502,2013-03-09,CHELLES,PML,PERTE,30,0,0,0,0,0,-30
503,2017-06-17,CHELLES,PML,RECALCUL,13,0,20,33,0,33,20
508,2011-05-21,CHOISY-LE-ROI,PML,PERTE,20,0,0,0,0,0,-20
510,2009-03-15,CHOISY-LE-ROI,PML,PERTE,5,0,0,0,0,0,-5
511,2017-07-22,CIERREY,PML,RECALCUL,15,0,11,26,0,26,11
512,2009-07-18,CIERREY,PML,PERTE,30,0,0,0,0,0,-30
514,2017-07-22,CIERREY,FRA,RECALCUL,0,0,35,0,35,35,35
515,2013-07-07,CIRES-LES-MELLO,FRA,PERTE,0,100,0,0,0,0,-100
516,2015-07-05,CIRES-LES-MELLO,FRA,RECALCUL,0,11,11,0,22,22,11
517,2014-07-06,CIRES-LES-MELLO,FRA,PERTE,0,1,1,0,0,0,-1
518,2018-07-01,CIRES-LES-MELLO,FRA,PERTE,0,3,0,0,0,0,-3
519,2010-07-04,CIRES-LES-MELLO,PML,PERTE,45,0,0,0,0,0,-45
520,2010-10-24,CLAYE-SOUILLY,PML,PERTE,80,0,0,0,0,0,-80
523,2017-06-25,CLÉRY-EN-VEXIN,PML,RECALCUL,1,0,18,19,0,19,18
524,2019-06-30,CLÉRY-EN-VEXIN,FRA,RECALCUL,0,1,26,0,27,27,26
526,2017-06-25,CLÉRY-EN-VEXIN,FRA,MAISON,0,7,2,0,7,7,0
527,2009-06-28,CLÉRY-EN-VEXIN,FRA,PERTE,0,5,0,0,0,0,-5
528,2012-06-24,CLÉRY-EN-VEXIN,PML,PERTE,20,0,0,0,0,0,-20
529,2018-06-24,CLÉRY-EN-VEXIN,FRA,RECALCUL,0,1,3,0,3,3,2
530,2014-06-29,CLÉRY-EN-VEXIN,PML,RECALCUL,0,0,13,13,0,13,13
531,2018-06-24,CLÉRY-EN-VEXIN,PML,RECALCUL,15,0,30,45,0,45,30
535,2015-08-15,COLOMBELLES,FRA,RECALCUL,0,0,5,0,3,3,3
537,2013-05-20,COMMENY,PML,PERTE,3,0,0,0,0,0,-3
538,2010-05-24,COMMENY,FRA,MAISON,0,0,100,0,0,0,0
539,2009-06-01,COMMENY,PML,PERTE,30,0,0,0,0,0,-30
540,2011-06-13,COMMENY,PML,PERTE,10,0,0,0,0,0,-10
542,2023-05-14,CONDECOURT,FRA,RECALCUL,0,11,12,0,23,23,12
543,2018-05-13,CONDECOURT,FRA,RECALCUL,0,0,4,0,4,4,4
544,2014-05-11,CONDECOURT,FRA,RECALCUL,0,0,7,0,7,7,7
545,2014-05-11,CONDECOURT,PML,RECALCUL,16,0,6,22,0,22,6
547,2023-04-30,CONFLANS-SAINTE-HONORINE,FRA,RECALCUL,0,0,5,0,5,5,5
551,2009-05-03,CONFLANS-SAINTE-HONORINE,PML,PERTE,20,0,0,0,0,0,-20
552,2016-06-19,CONFLANS-SAINTE-HONORINE,FRA,RECALCUL,0,1,29,0,30,30,29
553,2017-05-21,CONFLANS-SAINTE-HONORINE,FRA,RECALCUL,0,1,1,0,2,2,1
555,2013-06-22,CONFLANS-SAINTE-HONORINE,FRA,PERTE,0,10,0,0,0,0,-10
557,2010-05-09,CONFLANS-SAINTE-HONORINE,PML,MAISON,0,0,63,0,0,0,0
559,2018-06-03,CONFLANS-SAINTE-HONORINE,FRA,RECALCUL,0,4,1,0,5,5,1
567,2013-05-26,CONFLANS-SAINTE-HONORINE,PML,RECALCUL,85,0,5,90,0,90,5
568,2009-04-26,CONFLANS-SAINTE-HONORINE,PML,PERTE,80,0,0,0,0,0,-80
569,2010-04-25,CONFLANS-SAINTE-HONORINE,FRA,MAISON,0,0,40,0,0,0,0
570,2011-04-24,CONFLANS-SAINTE-HONORINE,PML,MAISON,0,0,30,0,0,0,0
571,2014-06-22,CONFLANS-SAINTE-HONORINE,FRA,RECALCUL,0,0,15,0,15,15,15
573,2014-05-25,CONFLANS-SAINTE-HONORINE,FRA,RECALCUL,0,4,4,0,2,2,-2
574,2012-04-29,CONFLANS-SAINTE-HONORINE,PML,PERTE,25,0,0,0,0,0,-25
577,2009-06-28,CONFLANS-SAINTE-HONORINE,FRA,PERTE,0,20,0,0,0,0,-20
578,2012-05-13,CONFLANS-SAINTE-HONORINE,PML,PERTE,10,0,0,0,0,0,-10
581,2012-07-28,CONTEVILLE,PML,PERTE,30,0,0,0,0,0,-30
584,2022-04-10,CORMEILLES-EN-VEXIN,FRA,PERTE,0,25,0,0,0,0,-25
586,2013-10-06,CORMEILLES-EN-PARISIS,FRA,RECALCUL,0,10,20,0,30,30,20
588,2016-10-02,CORMEILLES-EN-PARISIS,FRA,RECALCUL,0,0,20,0,17,17,17
589,2018-10-07,CORMEILLES-EN-PARISIS,PML,RECALCUL,45,0,3,48,0,48,3
591,2013-03-31,CORMEILLES-EN-PARISIS,PML,PERTE,10,0,41,0,0,0,-10
592,2015-10-04,CORMEILLES-EN-PARISIS,FRA,RECALCUL,0,4,83,0,73,73,69
593,2022-10-02,CORMEILLES-EN-PARISIS,FRA,RECALCUL,0,4,56,0,60,60,56
594,2013-03-31,CORMEILLES-EN-PARISIS,FRA,PERTE,0,20,0,0,0,0,-20
595,2011-10-02,CORMEILLES-EN-PARISIS,FRA,MAISON,0,0,30,0,0,0,0
597,2012-10-07,CORMEILLES-EN-PARISIS,PML,PERTE,20,0,0,0,0,0,-20
599,2010-10-03,CORMEILLES-EN-PARISIS,FRA,PERTE,0,15,0,0,0,0,-15
601,2010-03-28,CORMEILLES-EN-PARISIS,FRA,MAISON,0,0,18,0,0,0,0
602,2010-03-28,CORMEILLES-EN-PARISIS,PML,MAISON,0,0,36,0,0,0,0
604,2016-09-18,CORMEILLES-EN-VEXIN,PML,RECALCUL,8,0,12,20,0,20,12
606,2019-04-14,COUBRON,FRA,RECALCUL,0,9,1,0,10,10,1
608,2017-07-14,COULOMMIERS,PML,RECALCUL,0,0,3,3,0,3,3
609,2011-03-27,COURBEVOIE,PML,PERTE,25,0,0,0,0,0,-25
610,2016-04-10,COURCELLES-LÈS-GISORS,FRA,MAISON,0,0,32,0,0,0,0
612,2019-04-07,COURCELLES-LÈS-GISORS,PML,RECALCUL,0,0,50,50,0,50,50
614,2023-09-03,COURCELLES-LÈS-GISORS,PML,PERTE,10,0,0,0,0,0,-10
616,2016-04-10,COURCELLES-LÈS-GISORS,PML,RECALCUL,10,0,30,40,0,40,30
618,2022-05-01,COURCELLES-SUR-VIOSNE,FRA,RECALCUL,0,3,11,0,14,14,11
619,2009-05-01,COURCELLES-SUR-VIOSNE,PML,PERTE,20,0,0,0,0,0,-20
620,2015-05-01,COURCELLES-SUR-VIOSNE,FRA,RECALCUL,0,13,4,0,17,17,4
621,2015-05-01,COURCELLES-SUR-VIOSNE,PML,RECALCUL,13,0,50,63,0,63,50
622,2012-05-13,COURDIMANCHE,FRA,PERTE,0,40,0,0,0,0,-40
623,2015-05-10,COURDIMANCHE,FRA,RECALCUL,0,4,27,0,31,31,27
629,2022-05-22,COURDIMANCHE,FRA,RECALCUL,0,0,4,0,4,4,4
630,2022-05-22,COURDIMANCHE,PML,PERTE,15,0,0,0,0,0,-15
634,2018-05-27,COURDIMANCHE,FRA,RECALCUL,0,0,1,0,1,1,1
637,2016-05-22,COURDIMANCHE,FRA,RECALCUL,0,80,2,0,82,82,2
639,2019-08-10,CREANCES,PML,RECALCUL,40,0,29,69,0,69,29
643,2015-08-08,CREANCES,PML,RECALCUL,10,0,5,15,0,15,5
646,2011-04-17,CRECY-LA-CHAPELLE,PML,PERTE,35,0,0,0,0,0,-35
648,2012-10-14,CRESPIERES,FRA,PERTE,0,20,70,0,0,0,-20
649,2019-05-30,CRÈVECŒUR-LE-GRAND,PML,RECALCUL,105,0,0,104,0,104,-1
650,2010-05-01,CROISSY-BEAUBOURG,PML,MAISON,0,0,65,0,0,0,0
651,2010-04-18,CROSNE,FRA,MAISON,0,0,20,0,0,0,0
652,2019-06-23,CROTH,PML,RECALCUL,0,0,4,4,0,4,4
653,2017-09-10,DAMMARTIN-EN-GOELE,FRA,RECALCUL,0,18,22,0,40,40,22
658,2013-05-05,DANGU,FRA,PERTE,0,5,3,0,0,0,-5
659,2012-05-06,DANGU,PML,PERTE,35,0,0,0,0,0,-35
660,2010-04-17,DARNETAL,PML,MAISON,0,0,100,0,0,0,0
661,2017-06-24,DARNETAL,PML,PERTE,1,0,0,0,0,0,-1
662,2017-06-24,DARNETAL,FRA,RECALCUL,0,0,3,0,3,3,3
664,2019-07-28,DENNEVILLE,PML,RECALCUL,12,0,11,23,0,23,11
671,2023-09-23,DOMONT,PML,RECALCUL,89,0,0,39,0,39,-50
672,2017-09-23,DOMONT,PML,RECALCUL,17,0,14,31,0,31,14
673,2022-09-24,DOMONT,FRA,RECALCUL,0,0,15,0,15,15,15
675,2014-09-27,DOMONT,FRA,RECALCUL,0,1,54,0,46,46,45
677,2015-09-26,DOMONT,PML,RECALCUL,31,0,40,71,0,71,40
679,2013-09-28,DOMONT,FRA,RECALCUL,0,0,10,0,5,5,5
683,2013-09-28,DOMONT,PML,RECALCUL,12,0,2,14,0,14,2
684,2015-09-26,DOMONT,FRA,RECALCUL,0,0,30,0,30,30,30
685,2012-09-29,DOMONT,PML,PERTE,30,0,0,0,0,0,-30
686,2022-08-07,DONVILLE-LES-BAINS,PML,RECALCUL,50,0,0,10,0,10,-40
689,2011-04-09,DOURDAN,PML,PERTE,20,0,0,0,0,0,-20
690,2018-09-22,DOURDAN,FRA,RECALCUL,0,0,5,0,5,5,5
695,2016-11-06,DRANCY,PML,RECALCUL,14,0,78,79,0,79,65
696,2019-11-10,DRANCY,PML,PERTE,54,0,0,0,0,0,-54
697,2014-04-13,DRANCY,PML,RECALCUL,8,0,0,7,0,7,-1
700,2013-12-07,DRANCY,PML,RECALCUL,55,0,0,50,0,50,-5
702,2010-04-18,DRANCY,PML,MAISON,0,0,140,0,0,0,0
703,2017-04-02,DRANCY,FRA,RECALCUL,0,0,16,0,16,16,16
704,2016-12-03,DRANCY,FRA,RECALCUL,0,0,34,0,34,34,34
705,2012-04-15,DRANCY,PML,PERTE,55,0,0,0,0,0,-55
709,2010-10-09,DRANCY,FRA,PERTE,0,5,0,0,0,0,-5
710,2010-10-16,DRANCY,FRA,PERTE,0,15,0,0,0,0,-15
712,2011-04-10,DRANCY,PML,PERTE,45,0,0,0,0,0,-45
713,2012-12-08,DRANCY,PML,PERTE,15,0,0,0,0,0,-15
714,2009-07-04,DRANCY,FRA,PERTE,0,5,0,0,0,0,-5
715,2012-04-07,DRANCY,PML,PERTE,10,0,0,0,0,0,-10
717,2016-11-06,DRANCY,FRA,RECALCUL,0,6,72,0,78,78,72
718,2011-12-03,DRANCY,FRA,PERTE,0,25,0,0,0,0,-25
721,2023-09-03,DUNKERQUE,FRA,RECALCUL,0,0,1,0,1,1,1
722,2010-06-05,EAUBONNE,PML,PERTE,15,0,0,0,0,0,-15
723,2011-04-10,EAUBONNE,PML,PERTE,2,0,0,0,0,0,-2
726,2011-06-04,EAUBONNE,PML,PERTE,25,0,0,0,0,0,-25
729,2013-06-02,ECOUEN,FRA,RECALCUL,0,22,31,0,53,53,31
732,2012-05-17,ECOUEN,FRA,PERTE,0,25,0,0,0,0,-25
735,2013-06-02,ECOUEN,PML,PERTE,4,0,0,0,0,0,-4
736,2023-05-18,ECOUEN,FRA,RECALCUL,0,45,21,0,66,66,21
737,2014-05-29,ECOUEN,FRA,RECALCUL,0,5,3,0,8,8,3
739,2011-06-02,ECOUEN,PML,PERTE,5,0,0,0,0,0,-5
743,2009-09-19,ELBEUF,PML,PERTE,5,0,0,0,0,0,-5
745,2010-07-11,EMANVILLE,FRA,PERTE,0,20,0,0,0,0,-20
746,2009-05-17,ENNERY,PML,PERTE,60,0,0,0,0,0,-60
748,2018-06-03,ENNERY,PML,RECALCUL,45,0,3,48,0,48,3
749,2022-05-22,ENNERY,FRA,RECALCUL,0,0,5,0,5,5,5
753,2015-05-31,ENNERY,FRA,RECALCUL,0,1,6,0,7,7,6
755,2022-06-05,ÉPIAIS-RHUS,FRA,PERTE,0,25,0,0,0,0,-25
762,2014-07-06,ÉRAGNY-SUR-OISE,FRA,PERTE,0,2,2,0,0,0,-2
763,2014-07-06,ÉRAGNY-SUR-OISE,PML,PERTE,13,0,0,0,0,0,-13
764,2015-05-31,ÉRAGNY-SUR-OISE,PML,RECALCUL,22,0,23,42,0,42,20
765,2016-09-11,ÉRAGNY-SUR-OISE,FRA,MAISON,0,0,1,0,0,0,0
773,2023-06-11,ÉRAGNY-SUR-OISE,FRA,RECALCUL,0,0,5,0,4,4,4
774,2021-09-26,ÉRAGNY-SUR-OISE,FRA,RECALCUL,0,3,3,0,6,6,3
775,2009-06-07,ÉRAGNY-SUR-OISE,PML,PERTE,60,0,0,0,0,0,-60
776,2011-05-29,ÉRAGNY-SUR-OISE,PML,PERTE,25,0,0,0,0,0,-25
778,2010-10-03,ERMONT,PML,PERTE,20,0,0,0,0,0,-20
779,2009-09-20,ERMONT,PML,PERTE,30,0,0,0,0,0,-30
780,2015-04-12,ERMONT,FRA,RECALCUL,0,65,22,0,87,87,22
785,2021-10-10,ESPAUBOURG,FRA,RECALCUL,0,1,3,0,4,4,3
786,2018-05-21,ESTREES-SAINT-DENIS,PML,RECALCUL,15,0,20,35,0,35,20
790,2013-09-15,EZANVILLE,FRA,RECALCUL,0,0,15,0,10,10,10
791,2009-07-12,FARCEAUX,FRA,PERTE,0,10,0,0,0,0,-10
793,2019-07-14,FARCEAUX,FRA,RECALCUL,0,7,2,0,9,9,2
795,2010-09-26,FEUCHEROLLES,FRA,PERTE,0,30,0,0,0,0,-30
798,2022-08-20,FIERVILLE-LES-MINES,FRA,RECALCUL,0,0,7,0,7,7,7
801,2022-06-19,FLEURY,FRA,RECALCUL,0,1,4,0,5,5,4
804,2016-10-16,FLIXECOURT,PML,RECALCUL,29,0,30,59,0,59,30
811,2013-03-23,FONTENAY-SOUS-BOIS,PML,PERTE,11,0,0,0,0,0,-11
812,2015-05-31,FOURQUEUX,FRA,RECALCUL,0,2,3,0,5,5,3
813,2016-06-18,FRANCONVILLE,FRA,RECALCUL,0,0,3,0,3,3,3
816,2010-05-16,FRANCONVILLE,PML,MAISON,0,0,75,0,0,0,0
817,2015-06-27,FRANCONVILLE,FRA,RECALCUL,0,0,8,0,8,8,8
819,2010-05-16,FRANCONVILLE,FRA,MAISON,0,0,10,0,0,0,0
822,2011-07-10,FREMAINVILLE,PML,MAISON,0,0,10,0,0,0,0
824,2014-07-06,FREMAINVILLE,PML,PERTE,1,0,0,0,0,0,-1
826,2012-04-22,FRENEUSE,PML,PERTE,10,0,0,0,0,0,-10
831,2011-04-24,FREPILLON,PML,MAISON,0,0,60,0,0,0,0
832,2009-04-26,FREPILLON,PML,PERTE,30,0,0,0,0,0,-30
837,2023-12-09,GAGNY,FRA,RECALCUL,0,90,3,0,3,3,-87
840,2022-12-03,GAGNY,FRA,PERTE,0,90,0,0,0,0,-90
843,2016-12-03,GAGNY,FRA,RECALCUL,0,0,4,0,4,4,4
844,2017-12-02,GAGNY,FRA,RECALCUL,0,0,30,0,10,10,10
845,2018-05-06,GAGNY,FRA,RECALCUL,0,6,2,0,8,8,2
846,2018-05-06,GAGNY,PML,RECALCUL,0,0,3,3,0,3,3
849,2019-06-23,GARANCIERES,FRA,RECALCUL,0,1,10,0,11,11,10
851,2012-09-09,GARGENVILLE,PML,PERTE,30,0,0,0,0,0,-30
852,2011-09-11,GARGENVILLE,PML,PERTE,85,0,0,0,0,0,-85
853,2013-09-08,GARGENVILLE,PML,PERTE,6,0,0,0,0,0,-6
855,2013-03-17,GARGES-LES-GONESSE,PML,PERTE,32,0,0,0,0,0,-32
857,2016-10-01,GARGES-LES-GONESSE,PML,RECALCUL,14,0,14,28,0,28,14
858,2011-11-27,GARGES-LES-GONESSE,PML,PERTE,10,0,0,0,0,0,-10
860,2011-02-13,GARGES-LES-GONESSE,PML,PERTE,35,0,10,0,0,0,-35
861,2012-03-25,GARGES-LES-GONESSE,PML,PERTE,50,0,0,0,0,0,-50
862,2016-04-09,GARGES-LES-GONESSE,FRA,RECALCUL,0,0,9,0,9,9,9
863,2022-07-17,GASNY,FRA,PERTE,0,90,0,0,0,0,-90
864,2018-07-15,GASNY,FRA,RECALCUL,0,42,6,0,48,48,6
865,2012-07-15,GASNY,PML,PERTE,80,0,0,0,0,0,-80
866,2017-07-16,GASNY,PML,RECALCUL,15,0,31,46,0,46,31
867,2019-07-21,GASNY,PML,RECALCUL,35,0,13,48,0,48,13
868,2018-07-15,GASNY,PML,RECALCUL,19,0,19,38,0,38,19
869,2013-07-14,GASNY,FRA,PERTE,0,2,50,0,0,0,-2
871,2016-07-17,GASNY,PML,RECALCUL,0,0,5,5,0,5,5
872,2010-07-18,GASNY,PML,PERTE,40,0,0,0,0,0,-40
874,2023-07-16,GASNY,FRA,RECALCUL,0,10,3,0,13,13,3
875,2015-07-19,GASNY,FRA,RECALCUL,0,0,6,0,6,6,6
880,2016-07-17,GASNY,FRA,RECALCUL,0,0,22,0,22,22,22
883,2018-07-22,GEFFOSSES,FRA,RECALCUL,0,71,4,0,75,75,4
884,2018-07-22,GEFFOSSES,PML,RECALCUL,45,0,15,60,0,60,15
885,2012-08-26,GENAINVILLE,PML,PERTE,2,0,0,0,0,0,-2
887,2020-06-16,GENICOURT,FRA,PERTE,0,19,0,0,0,0,-19
888,2013-06-16,GENICOURT,PML,MAISON,0,0,5,0,0,0,0
891,2013-05-18,GENNEVILLIERS,FRA,PERTE,0,10,6,0,0,0,-10
895,2021-08-09,GIAT,PML,PERTE,120,0,0,0,0,0,-120
899,2011-06-26,GISORS,PML,PERTE,220,0,0,0,0,0,-220
902,2015-06-28,GISORS,FRA,RECALCUL,0,4,15,0,19,19,15
903,2013-06-30,GISORS,PML,RECALCUL,17,0,5,22,0,22,5
905,2012-06-24,GISORS,PML,PERTE,110,0,0,0,0,0,-110
909,2023-03-18,GOINCOURT,FRA,PERTE,0,110,0,0,0,0,-110
911,2020-09-06,GOURNAY-EN-BRAY,PML,MAISON,0,0,4,0,0,0,0
912,2020-09-05,GOURNAY-EN-BRAY,PML,PERTE,150,0,0,0,0,0,-150
913,2016-03-06,GOUSSAINVILLE,FRA,RECALCUL,0,0,21,0,21,21,21
914,2009-03-29,GOUSSAINVILLE,PML,PERTE,10,0,0,0,0,0,-10
915,2011-04-17,GOUSSONVILLE,FRA,MAISON,0,0,7,0,0,0,0
916,2014-09-07,GOUVIEUX,PML,RECALCUL,60,0,16,76,0,76,16
917,2013-09-01,GOUVIEUX,PML,RECALCUL,30,0,0,25,0,25,-5
918,2013-09-01,GOUVIEUX,FRA,RECALCUL,0,40,40,0,38,38,-2
919,2012-09-02,GOUVIEUX,PML,PERTE,15,0,70,0,0,0,-15
920,2015-09-06,GOUVIEUX,PML,RECALCUL,0,0,98,17,0,17,17
921,2015-09-06,GOUVIEUX,FRA,RECALCUL,0,0,20,0,20,20,20
922,2010-09-05,GOUVIEUX,PML,PERTE,10,0,0,0,0,0,-10
923,2014-09-07,GOUVIEUX,FRA,RECALCUL,0,1,15,0,16,16,15
932,2019-05-01,GRADIGNAN,FRA,MAISON,0,15,4,0,15,15,0
934,2016-10-23,GRAINVILLE,PML,RECALCUL,9,0,47,56,0,56,47
935,2016-10-23,GRAINVILLE,FRA,RECALCUL,0,1,22,0,23,23,22
936,2010-07-11,GRANDVILLIERS,PML,PERTE,90,0,0,0,0,0,-90
937,2009-07-12,GRANDVILLIERS,FRA,PERTE,0,60,0,0,0,0,-60
938,2021-05-30,GRISY-LES-PLATRES,FRA,RECALCUL,0,0,4,0,4,4,4
939,2010-10-10,GRISY-LES-PLATRES,PML,PERTE,10,0,0,0,0,0,-10
940,2012-11-25,GRISY-SUISNES,PML,PERTE,16,0,0,0,0,0,-16
941,2009-09-06,GROSLAY,PML,PERTE,10,0,0,0,0,0,-10
942,2017-07-14,GUERARD,PML,RECALCUL,14,0,25,39,0,39,25
948,2014-05-08,HARAVILLIERS,FRA,RECALCUL,0,0,3,0,3,3,3
953,2023-05-08,HARAVILLIERS,PML,PERTE,20,0,0,0,0,0,-20
954,2015-05-08,HARAVILLIERS,FRA,RECALCUL,0,0,3,0,3,3,3
956,2020-08-23,HARDRICOURT,FRA,PERTE,0,50,0,0,0,0,-50
962,2022-08-07,HAUTEVILLE-SUR-MER,FRA,RECALCUL,0,4,1,0,5,5,1
964,2023-09-02,HEM,FRA,PERTE,0,250,23,0,0,0,-250
966,2022-04-03,HERBEVILLE,FRA,PERTE,0,40,0,0,0,0,-40
968,2012-05-13,HERBLAY,PML,PERTE,10,0,0,0,0,0,-10
969,2009-05-03,HERBLAY,PML,PERTE,20,0,0,0,0,0,-20
970,2010-10-03,HERBLAY,PML,PERTE,20,0,0,0,0,0,-20
972,2014-10-05,HERBLAY,PML,RECALCUL,14,0,30,44,0,44,30
973,2013-05-08,HERBLAY,FRA,PERTE,0,30,0,0,0,0,-30
977,2011-06-02,HERBLAY,FRA,PERTE,0,5,0,0,0,0,-5
978,2015-03-15,HERBLAY,FRA,PERTE,0,12,14,0,0,0,-12
980,2010-05-02,HERBLAY,PML,MAISON,0,0,30,0,0,0,0
986,2010-05-13,HERBLAY,PML,MAISON,0,0,40,0,0,0,0
987,2015-05-14,HERBLAY,PML,PERTE,10,0,0,0,0,0,-10
993,2016-03-20,HERBLAY,PML,MAISON,0,0,6,0,0,0,0
1000,2011-10-02,HOUILLES,PML,PERTE,10,0,0,0,0,0,-10
1001,2012-10-06,IGNY,PML,PERTE,30,0,0,0,0,0,-30
1002,2011-10-01,IGNY,PML,PERTE,40,0,0,0,0,0,-40
1004,2022-08-06,ISIGNY-SUR-MER,FRA,RECALCUL,0,3,4,0,7,7,4
1008,2022-09-04,JAMBVILLE,FRA,RECALCUL,0,0,9,0,9,9,9
1010,2011-09-18,JOUY-LE-MOUTIER,PML,PERTE,80,0,0,0,0,0,-80
1012,2012-09-23,JOUY-LE-MOUTIER,PML,PERTE,12,0,0,0,0,0,-12
1014,2013-03-31,JOUY-LE-MOUTIER,FRA,PERTE,0,10,0,0,0,0,-10
1016,2011-04-17,JUMEAUVILLE,FRA,MAISON,0,0,10,0,0,0,0
1020,2011-06-13,L'ISLE-ADAM,PML,PERTE,10,0,0,0,0,0,-10
1021,2010-04-05,L'ISLE-ADAM,PML,MAISON,0,0,30,0,0,0,0
1022,2011-04-25,L'ISLE-ADAM,PML,PERTE,9,0,0,0,0,0,-9
1023,2009-06-01,L'ISLE-ADAM,FRA,PERTE,0,15,0,0,0,0,-15
1024,2009-04-13,L'ISLE-ADAM,FRA,PERTE,0,100,0,0,0,0,-100
1027,2023-08-27,LA CHAPELLE-REANVILLE,FRA,RECALCUL,0,2,81,0,83,83,81
1029,2009-06-27,LA COURNEUVE,PML,PERTE,50,0,0,0,0,0,-50
1030,2010-04-24,LA COUTURE-BOUSSEY,PML,MAISON,0,0,20,0,0,0,0
1034,2013-09-22,LA FRETTE-SUR-SEINE,FRA,RECALCUL,0,8,15,0,23,23,15
1035,2017-09-24,LA FRETTE-SUR-SEINE,FRA,RECALCUL,0,51,0,0,47,47,-4
1036,2022-09-11,LA FRETTE-SUR-SEINE,FRA,RECALCUL,0,2,37,0,39,39,37
1037,2021-09-12,LA FRETTE-SUR-SEINE,FRA,RECALCUL,0,14,11,0,25,25,11
1038,2023-09-17,LA FRETTE-SUR-SEINE,FRA,PERTE,0,20,12,0,0,0,-20
1039,2020-09-13,LA FRETTE-SUR-SEINE,FRA,RECALCUL,0,9,13,0,22,22,13
1043,2014-09-21,LA FRETTE-SUR-SEINE,FRA,MAISON,0,27,22,0,27,27,0
1044,2012-09-23,LA FRETTE-SUR-SEINE,FRA,PERTE,0,60,0,0,0,0,-60
1045,2009-07-25,LA HARENGERE,PML,PERTE,25,0,0,0,0,0,-25
1049,2022-08-21,LA HAYE-DU-PUITS,FRA,RECALCUL,0,0,1,0,1,1,1
1052,2010-06-20,LA NEUVILLE-D'AUMONT,PML,PERTE,10,0,0,0,0,0,-10
1053,2012-04-08,LA NEUVILLE-EN-HEZ,PML,PERTE,40,0,0,0,0,0,-40
1055,2012-07-22,LA QUEUE-EN-BRIE,PML,PERTE,45,0,0,0,0,0,-45
1056,2021-08-07,LA SOUTERRAINE,PML,PERTE,100,0,0,0,0,0,-100
1058,2009-03-22,LA VILLE-DU-BOIS,PML,PERTE,50,0,0,0,0,0,-50
1059,2021-10-16,LABOISSIERE-EN-THELLE,FRA,RECALCUL,0,5,7,0,12,12,7
1062,2021-08-29,LAIGNEVILLE,FRA,RECALCUL,0,0,35,0,35,35,35
1063,2017-09-17,LAMORLAYE,FRA,PERTE,0,21,0,0,0,0,-21
1064,2012-09-16,LAMORLAYE,PML,PERTE,60,0,0,0,0,0,-60
1065,2012-09-16,LAMORLAYE,FRA,PERTE,0,30,0,0,0,0,-30
1073,2015-10-10,LE BLANC-MESNIL,PML,RECALCUL,20,0,0,17,0,17,-3
1077,2023-10-14,LE BLANC-MESNIL,FRA,RECALCUL,0,1,15,0,8,8,7
1078,2015-06-13,LE BLANC-MESNIL,FRA,RECALCUL,0,1,17,0,18,18,17
1079,2016-10-08,LE BLANC-MESNIL,FRA,RECALCUL,0,15,25,0,40,40,25
1082,2013-10-12,LE BLANC-MESNIL,FRA,RECALCUL,0,0,60,0,54,54,54
1085,2012-10-13,LE BLANC-MESNIL,PML,PERTE,30,0,20,0,0,0,-30
1086,2016-06-11,LE BLANC-MESNIL,PML,RECALCUL,6,0,50,56,0,56,50
1088,2014-10-11,LE BLANC-MESNIL,FRA,RECALCUL,0,0,8,0,8,8,8
1089,2010-10-16,LE BLANC-MESNIL,FRA,PERTE,0,40,0,0,0,0,-40
1091,2010-10-09,LE BLANC-MESNIL,FRA,PERTE,0,25,0,0,0,0,-25
1093,2013-06-08,LE BLANC-MESNIL,FRA,PERTE,0,22,22,0,0,0,-22
1102,2022-05-15,LE MESNIL-EN-THELLE,FRA,RECALCUL,0,5,1,0,6,6,1
1105,2022-05-22,LE MESNIL-LE-ROI,FRA,PERTE,0,15,0,0,0,0,-15
1106,2015-06-08,LE MESNIL-LE-ROI,FRA,RECALCUL,0,12,11,0,23,23,11
1107,2018-06-03,LE MESNIL-LE-ROI,FRA,RECALCUL,0,11,3,0,14,14,3
1108,2011-05-29,LE MESNIL-LE-ROI,PML,PERTE,10,0,0,0,0,0,-10
1109,2010-07-11,LE MESNIL-SIMON,FRA,PERTE,0,15,0,0,0,0,-15
1111,2010-05-30,LE PLESSIS-BOUCHARD,PML,PERTE,25,0,0,0,0,0,-25
1112,2013-05-26,LE PLESSIS-BOUCHARD,FRA,PERTE,0,30,30,0,0,0,-30
1116,2021-09-18,LE PLESSIS-ROBINSON,FRA,RECALCUL,0,4,32,0,36,36,32
1117,2009-06-13,LE PRE-SAINT-GERVAIS,PML,PERTE,40,0,0,0,0,0,-40
1121,2020-07-27,LE THIL,PML,RECALCUL,54,0,18,72,0,72,18
1123,2020-07-27,LE THIL,FRA,PERTE,0,30,0,0,0,0,-30
1124,2020-07-26,LE THIL,FRA,PERTE,0,100,30,0,0,0,-100
1129,2011-07-24,LE VAUROUX,PML,PERTE,2,0,0,0,0,0,-2
1133,2009-09-12,LES ANDELYS,PML,PERTE,30,0,0,0,0,0,-30
1134,2009-04-18,LES AUTHIEUX,PML,PERTE,100,0,0,0,0,0,-100
1145,2009-04-19,LIMEIL-BREVANNES,PML,PERTE,150,0,0,0,0,0,-150
1148,2019-07-07,LIZY-SUR-OURCQ,PML,RECALCUL,10,0,25,35,0,35,25
1149,2022-05-22,LOCONVILLE,PML,PERTE,30,0,0,0,0,0,-30
1150,2012-08-26,LONGCHAMPS,PML,PERTE,15,0,0,0,0,0,-15
1151,2018-05-10,LONGUESSE,FRA,RECALCUL,0,0,8,0,8,8,8
1154,2021-08-22,LOUBRESSAC,PML,PERTE,30,0,0,0,0,0,-30
1155,2022-12-04,LOUVRES,FRA,RECALCUL,0,0,14,0,14,14,14
1156,2011-12-04,LOUVRES,FRA,PERTE,0,10,0,0,0,0,-10
1157,2013-06-16,LOUVRES,PML,RECALCUL,0,0,25,19,0,19,19
1161,2023-09-17,MAGNY-EN-VEXIN,FRA,PERTE,0,70,13,0,0,0,-70
1163,2012-07-29,MAGNY-LA-CAMPAGNE,PML,PERTE,60,0,0,0,0,0,-60
1167,2015-04-18,MALAKOFF,FRA,RECALCUL,0,0,5,0,5,5,5
1168,2011-05-07,MALAKOFF,PML,PERTE,62,0,35,0,0,0,-62
1170,2012-05-12,MALAKOFF,PML,PERTE,20,0,0,0,0,0,-20
1172,2011-05-07,MALAKOFF,FRA,MAISON,0,0,18,0,0,0,0
1173,2010-09-11,MANTES-LA-JOLIE,PML,PERTE,5,0,0,0,0,0,-5
1175,2018-11-01,MARCOUSSIS,PML,PERTE,10,0,0,0,0,0,-10
1178,2009-05-10,MAREIL-EN-FRANCE,PML,PERTE,80,0,0,0,0,0,-80
1179,2013-05-12,MAREIL-EN-FRANCE,FRA,PERTE,0,6,6,0,0,0,-6
1180,2022-06-26,MAREIL-MARLY,FRA,PERTE,0,17,0,0,0,0,-17
1181,2010-06-12,MARINES,PML,MAISON,0,0,30,0,0,0,0
1183,2017-06-11,MARINES,PML,RECALCUL,22,0,18,40,0,40,18
1184,2023-06-11,MARINES,FRA,RECALCUL,0,0,7,0,7,7,7
1185,2013-06-09,MARINES,FRA,RECALCUL,0,0,15,0,14,14,14
1186,2022-06-12,MARINES,FRA,RECALCUL,0,23,53,0,76,76,53
1190,2009-06-14,MARINES,FRA,PERTE,0,60,0,0,0,0,-60
1191,2023-06-25,MARLY-LE-ROI,FRA,RECALCUL,0,50,20,0,18,18,-32
1192,2022-07-03,MARLY-LE-ROI,FRA,RECALCUL,0,0,9,0,9,9,9
1194,2011-03-12,MASSY,PML,PERTE,19,0,0,0,0,0,-19
1195,2009-02-01,MASSY,FRA,PERTE,0,20,0,0,0,0,-20
1197,2015-05-10,MAURECOURT,FRA,RECALCUL,0,0,20,0,19,19,19
1198,2014-05-18,MAURECOURT,PML,RECALCUL,35,0,0,27,0,27,-8
1199,2010-05-09,MAURECOURT,FRA,MAISON,0,0,37,0,0,0,0
1200,2012-05-13,MAURECOURT,PML,PERTE,40,0,0,0,0,0,-40
1201,2015-05-10,MAURECOURT,PML,RECALCUL,60,0,4,64,0,64,4
1202,2014-05-18,MAURECOURT,FRA,RECALCUL,0,0,40,0,39,39,39
1203,2009-05-17,MAURECOURT,FRA,PERTE,0,30,0,0,0,0,-30
1204,2023-10-08,MAUREPAS,PML,RECALCUL,150,0,0,47,0,47,-103
1205,2022-10-09,MAUREPAS,PML,RECALCUL,4,0,19,23,0,23,19
1206,2023-10-08,MAUREPAS,FRA,MAISON,0,0,27,0,0,0,0
1209,2010-06-06,MEAUX,PML,PERTE,80,0,0,0,0,0,-80
1211,2023-09-24,MEDAN,PML,RECALCUL,38,0,5,43,0,43,5
1213,2021-09-19,MENUCOURT,FRA,RECALCUL,0,3,9,0,12,12,9
1215,2010-09-19,MENUCOURT,PML,PERTE,15,0,0,0,0,0,-15
1216,2012-09-23,MENUCOURT,PML,PERTE,20,0,0,0,0,0,-20
1218,2023-04-02,MERIEL,FRA,PERTE,0,15,0,0,0,0,-15
1219,2017-04-02,MERIEL,FRA,RECALCUL,0,3,16,0,19,19,16
1221,2012-07-22,MERU,FRA,PERTE,0,15,0,0,0,0,-15
1224,2013-07-21,MERU,FRA,MAISON,0,0,5,0,0,0,0
1226,2010-07-25,MERU,PML,PERTE,80,0,0,0,0,0,-80
1228,2011-07-24,MERU,PML,PERTE,14,0,0,0,0,0,-14
1231,2016-04-17,MERY-SUR-OISE,PML,PERTE,2,0,0,0,0,0,-2
1233,2015-04-19,MERY-SUR-OISE,FRA,RECALCUL,0,14,19,0,33,33,19
1234,2016-04-17,MERY-SUR-OISE,FRA,RECALCUL,0,0,12,0,11,11,11
1236,2021-09-12,MÉZY-SUR-SEINE,FRA,RECALCUL,0,46,0,0,6,6,-40
1239,2012-09-09,MÉZY-SUR-SEINE,PML,PERTE,15,0,0,0,0,0,-15
1241,2019-08-03,MILLIERES,PML,RECALCUL,3,0,13,16,0,16,13
1243,2015-08-01,MILLIERES,PML,MAISON,10,0,12,10,0,10,0
1252,2023-07-16,MONDREVILLE,FRA,RECALCUL,0,0,3,0,3,3,3
1253,2010-09-26,MONTAINVILLE,FRA,PERTE,0,2,0,0,0,0,-2
1254,2010-08-29,MONTATAIRE,PML,PERTE,60,0,0,0,0,0,-60
1255,2018-08-18,MONTAURE,PML,RECALCUL,24,0,6,30,0,30,6
1259,2014-08-23,MONTAURE,FRA,RECALCUL,0,72,30,0,102,102,30
1260,2011-08-21,MONTAURE,PML,PERTE,35,0,0,0,0,0,-35
1261,2012-08-18,MONTAURE,PML,PERTE,140,0,0,0,0,0,-140
1262,2013-08-24,MONTAURE,FRA,RECALCUL,0,0,17,0,17,17,17
1267,2016-06-19,MONTESSON,FRA,RECALCUL,0,0,2,0,2,2,2
1268,2016-10-30,MONTESSON,PML,RECALCUL,31,0,50,81,0,81,50
1269,2013-06-22,MONTESSON,FRA,PERTE,0,15,0,0,0,0,-15
1271,2014-10-26,MONTESSON,FRA,RECALCUL,0,25,23,0,23,23,-2
1272,2017-03-26,MONTESSON,FRA,RECALCUL,0,2,12,0,14,14,12
1273,2015-03-22,MONTESSON,FRA,RECALCUL,0,0,12,0,12,12,12
1274,2016-10-30,MONTESSON,FRA,RECALCUL,0,37,20,0,57,57,20
1276,2009-06-13,MONTFERMEIL,FRA,PERTE,0,40,0,0,0,0,-40
1277,2012-06-09,MONTFERMEIL,PML,PERTE,75,0,0,0,0,0,-75
1278,2009-07-19,MONTGERON,PML,PERTE,50,0,0,0,0,0,-50
1279,2022-06-05,MONTGEROULT,FRA,RECALCUL,0,1,1,0,2,2,1
1281,2009-05-30,MONTIGNY-LES-CORMEILLES,FRA,PERTE,0,45,0,0,0,0,-45
1283,2010-05-30,MONTIGNY-LES-CORMEILLES,PML,PERTE,20,0,0,0,0,0,-20
1285,2020-09-06,MONTJAVOULT,FRA,PERTE,0,1,0,0,0,0,-1
1288,2020-09-06,MONTJAVOULT,PML,PERTE,2,0,0,0,0,0,-2
1291,2014-08-31,MONTLIGNON,PML,RECALCUL,66,0,12,78,0,78,12
1292,2009-09-06,MONTLIGNON,PML,PERTE,50,0,0,0,0,0,-50
1293,2012-09-02,MONTLIGNON,PML,PERTE,20,0,0,0,0,0,-20
1301,2019-08-11,MONTMARTIN-SUR-MER,PML,RECALCUL,9,0,17,26,0,26,17
1302,2019-08-11,MONTMARTIN-SUR-MER,FRA,RECALCUL,0,75,0,0,41,41,-34
1303,2022-08-14,MONTMARTIN-SUR-MER,FRA,RECALCUL,0,1,47,0,48,48,47
1304,2009-05-23,MONTMORENCY,PML,PERTE,65,0,0,0,0,0,-65
1306,2010-10-10,MONTMORENCY,FRA,PERTE,0,5,0,0,0,0,-5
1307,2010-10-10,MONTMORENCY,PML,PERTE,30,0,0,0,0,0,-30
1308,2013-10-13,MONTMORENCY,PML,RECALCUL,25,0,10,35,0,35,10
1309,2012-05-19,MONTMORENCY,PML,PERTE,12,0,0,0,0,0,-12
1310,2011-06-04,MONTMORENCY,FRA,PERTE,0,10,0,0,0,0,-10
1311,2015-10-11,MONTMORENCY,PML,RECALCUL,30,0,0,22,0,22,-8
1312,2015-10-11,MONTMORENCY,FRA,RECALCUL,0,0,21,0,18,18,18
1313,2011-06-04,MONTMORENCY,PML,PERTE,22,0,0,0,0,0,-22
1316,2010-05-29,MONTREUIL,PML,PERTE,10,0,0,0,0,0,-10
1320,2017-05-21,MONTSOULT,FRA,RECALCUL,0,0,17,0,16,16,16
1321,2022-05-29,MONTSOULT,FRA,PERTE,0,40,0,0,0,0,-40
1325,2011-04-30,MORANGIS,PML,PERTE,25,0,0,0,0,0,-25
1326,2010-06-20,MORTEFONTAINE-EN-THELLE,PML,PERTE,25,0,0,0,0,0,-25
1327,2011-06-12,MOURS,PML,PERTE,10,0,0,0,0,0,-10
1328,2012-08-19,MUIDS,PML,PERTE,50,0,0,0,0,0,-50
1329,2011-08-21,MUIDS,PML,PERTE,35,0,0,0,0,0,-35
1332,2009-04-25,NANTERRE,PML,PERTE,30,0,0,0,0,0,-30
1333,2017-08-27,NAVEIL,PML,RECALCUL,6,0,3,9,0,9,3
1336,2010-10-17,NESLES-LA-VALLEE,FRA,PERTE,0,5,0,0,0,0,-5
1337,2011-11-06,NEUILLY-SUR-MARNE,PML,PERTE,5,0,0,0,0,0,-5
1340,2010-04-25,NEUVILLE-SUR-OISE,PML,MAISON,0,0,120,0,0,0,0
1343,2013-04-28,NEUVILLE-SUR-OISE,FRA,PERTE,0,15,60,0,0,0,-15
1344,2015-04-26,NEUVILLE-SUR-OISE,FRA,RECALCUL,0,0,25,0,25,25,25
1347,2014-04-27,NEUVILLE-SUR-OISE,FRA,PERTE,0,3,3,0,0,0,-3
1348,2013-04-28,NEUVILLE-SUR-OISE,PML,PERTE,3,0,0,0,0,0,-3
1350,2019-07-28,NICORPS,PML,RECALCUL,16,0,14,30,0,30,14
1351,2018-07-29,NICORPS,PML,RECALCUL,6,0,25,31,0,31,25
1354,2010-03-14,NOAILLES,PML,MAISON,0,0,21,0,0,0,0
1355,2022-03-21,NOAILLES,FRA,PERTE,0,96,0,0,0,0,-96
1356,2022-10-30,NOAILLES,FRA,MAISON,0,0,9,0,0,0,0
1357,2023-01-16,NOAILLES,FRA,MAISON,0,0,15,0,0,0,0
1358,2010-03-14,NOAILLES,FRA,MAISON,0,0,2,0,0,0,0
1360,2018-08-26,NOGENT-SUR-OISE,PML,RECALCUL,24,0,5,29,0,29,5
1362,2011-08-28,NOGENT-SUR-OISE,PML,PERTE,20,0,0,0,0,0,-20
1363,2018-08-26,NOGENT-SUR-OISE,FRA,RECALCUL,0,43,0,0,40,40,-3
1365,2011-04-09,NOISY-LE-SEC,PML,PERTE,10,0,0,0,0,0,-10
1368,2010-04-11,NUCOURT,PML,MAISON,0,0,50,0,0,0,0
1372,2016-04-10,NUCOURT,FRA,RECALCUL,0,0,14,0,14,14,14
1374,2022-05-15,NUCOURT,FRA,RECALCUL,0,0,16,0,16,16,16
1375,2009-04-12,NUCOURT,PML,PERTE,20,0,0,0,0,0,-20
1376,2023-04-09,NUCOURT,FRA,RECALCUL,0,1,1,0,2,2,1
1377,2014-04-13,NUCOURT,PML,MAISON,13,0,16,13,0,13,0
1380,2018-04-08,NUCOURT,PML,RECALCUL,7,0,2,9,0,9,2
1381,2013-04-14,NUCOURT,FRA,PERTE,0,8,0,0,0,0,-8
1382,2023-04-10,OINVILLE-SUR-MONTCIENT,FRA,RECALCUL,0,50,18,0,18,18,-32
1383,2009-04-13,OINVILLE-SUR-MONTCIENT,PML,PERTE,200,0,0,0,0,0,-200
1384,2022-04-18,OINVILLE-SUR-MONTCIENT,FRA,RECALCUL,0,50,3,0,8,8,-42
1385,2012-06-16,OISSEL,PML,PERTE,70,0,0,0,0,0,-70
1386,2017-06-24,OISSEL,PML,RECALCUL,2,0,20,22,0,22,20
1387,2013-06-15,OISSEL,FRA,RECALCUL,0,2,15,0,17,17,15
1388,2014-06-14,OISSEL,FRA,RECALCUL,0,0,8,0,8,8,8
1391,2017-06-24,OISSEL,FRA,RECALCUL,0,0,9,0,9,9,9
1392,2013-06-15,OISSEL,PML,RECALCUL,15,0,40,55,0,55,40
1394,2023-10-15,OMERVILLE,FRA,RECALCUL,0,50,7,0,4,4,-46
1395,2012-10-07,ORGEVAL,FRA,PERTE,0,10,0,0,0,0,-10
1396,2010-11-01,ORGEVAL,FRA,PERTE,0,130,0,0,0,0,-130
1398,2012-07-07,ORLY,PML,PERTE,45,0,0,0,0,0,-45
1400,2016-10-02,OSNY,FRA,RECALCUL,0,0,7,0,7,7,7
1401,2015-06-08,OSNY,PML,RECALCUL,18,0,3,21,0,21,3
1411,2014-05-01,OZOIR-LA-FERRIERE,FRA,RECALCUL,0,1,18,0,19,19,18
1412,2009-05-01,OZOIR-LA-FERRIERE,PML,PERTE,50,0,0,0,0,0,-50
1414,2011-05-01,OZOIR-LA-FERRIERE,PML,PERTE,120,0,0,0,0,0,-120
1416,2011-09-24,PALAISEAU,PML,PERTE,40,0,0,0,0,0,-40
1417,2009-03-15,PANTIN,PML,PERTE,10,0,0,0,0,0,-10
1418,2012-11-17,PANTIN,PML,PERTE,90,0,0,0,0,0,-90
1420,2013-04-21,PANTIN,FRA,PERTE,0,6,0,0,0,0,-6
1421,2010-07-17,PARIS,PML,PERTE,50,0,0,0,0,0,-50
1424,2013-11-11,PARMAIN,PML,RECALCUL,2,0,37,39,0,39,37
1425,2012-11-11,PARMAIN,FRA,PERTE,0,10,0,0,0,0,-10
1426,2009-06-28,PARMAIN,FRA,PERTE,0,60,0,0,0,0,-60
1428,2011-11-11,PARMAIN,FRA,PERTE,0,15,0,0,0,0,-15
1429,2011-11-02,PATAY,PML,PERTE,70,0,0,0,0,0,-70
1438,2011-04-03,PIERRELAYE,PML,PERTE,50,0,0,0,0,0,-50
1439,2013-04-07,PIERRELAYE,FRA,PERTE,0,1,0,0,0,0,-1
1440,2016-04-03,PIERRELAYE,FRA,RECALCUL,0,0,8,0,8,8,8
1441,2023-04-02,PIERRELAYE,FRA,RECALCUL,0,35,12,0,12,12,-23
1447,2010-04-04,PIERRELAYE,PML,MAISON,0,0,76,0,0,0,0
1449,2011-08-21,PITRES,PML,PERTE,10,0,0,0,0,0,-10
1451,2018-05-07,POINCY,PML,PERTE,7,0,0,0,0,0,-7
1453,2023-05-13,POISSY,FRA,RECALCUL,0,11,33,0,44,44,33
1455,2017-09-30,POISSY,FRA,PERTE,0,23,0,0,0,0,-23
1458,2021-09-25,POISSY,FRA,RECALCUL,0,8,7,0,15,15,7
1461,2010-10-02,POISSY,PML,PERTE,30,0,0,0,0,0,-30
1462,2015-05-09,POISSY,FRA,RECALCUL,0,0,18,0,18,18,18
1463,2012-09-29,POISSY,FRA,PERTE,0,30,0,0,0,0,-30
1464,2011-05-14,POISSY,PML,PERTE,10,0,0,0,0,0,-10
1474,2015-03-08,PONTOISE,FRA,RECALCUL,0,30,10,0,40,40,10
1475,2022-03-27,PONTOISE,PML,PERTE,5,0,0,0,0,0,-5
1476,2014-11-02,PONTOISE,FRA,RECALCUL,0,0,10,0,9,9,9
1477,2023-06-11,PONTOISE,PML,PERTE,10,0,0,0,0,0,-10
1479,2022-10-30,PONTOISE,FRA,RECALCUL,0,0,4,0,4,4,4
1480,2019-02-24,PONTOISE,FRA,RECALCUL,0,0,2,0,2,2,2
1481,2013-02-03,PONTOISE,PML,PERTE,15,0,0,0,0,0,-15
1482,2022-07-03,PONTOISE,FRA,RECALCUL,0,3,1,0,4,4,1
1484,2010-09-19,PONTOISE,PML,PERTE,5,0,0,0,0,0,-5
1486,2016-06-13,PONTOISE,PML,RECALCUL,1,0,7,8,0,8,7
1487,2010-05-30,PONTOISE,PML,PERTE,12,0,0,0,0,0,-12
1488,2021-10-18,PONTOISE,FRA,RECALCUL,0,9,5,0,14,14,5
1490,2009-02-01,PONTOISE,FRA,PERTE,0,20,0,0,0,0,-20
1491,2023-10-15,PONTOISE,FRA,PERTE,0,10,0,0,0,0,-10
1493,2022-03-20,PONTOISE,FRA,PERTE,0,15,0,0,0,0,-15
1494,2017-03-05,PONTOISE,FRA,RECALCUL,0,0,28,0,18,18,18
1497,2021-10-17,PONTOISE,PML,PERTE,16,0,0,0,0,0,-16
1498,2009-06-14,PONTOISE,PML,PERTE,40,0,0,0,0,0,-40
1499,2019-06-16,PONTOISE,FRA,RECALCUL,0,1,16,0,17,17,16
1502,2012-06-03,PONTOISE,FRA,PERTE,0,7,0,0,0,0,-7
1504,2022-07-03,PONTOISE,PML,RECALCUL,23,0,20,43,0,43,20
1506,2010-02-07,PONTOISE,PML,MAISON,0,0,5,0,0,0,0
1507,2011-06-12,PONTOISE,PML,PERTE,20,0,0,0,0,0,-20
1508,2013-02-17,PONTOISE,PML,PERTE,5,0,0,0,0,0,-5
1509,2012-06-17,PONTOISE,PML,PERTE,15,0,0,0,0,0,-15
1510,2014-05-25,PONTOISE,FRA,RECALCUL,0,3,2,0,5,5,2
1511,2012-06-10,PONTOISE,PML,PERTE,30,0,0,0,0,0,-30
1513,2011-02-06,PONTOISE,PML,PERTE,10,0,0,0,0,0,-10
1515,2010-06-13,PONTOISE,PML,MAISON,0,0,1,0,0,0,0
1516,2012-02-05,PONTOISE,PML,PERTE,30,0,5,0,0,0,-30
1517,2012-05-27,PONTOISE,PML,PERTE,110,0,0,0,0,0,-110
1518,2015-06-14,PONTOISE,PML,RECALCUL,70,0,0,64,0,64,-6
1519,2022-03-27,PONTOISE,FRA,PERTE,0,5,0,0,0,0,-5
1520,2011-08-28,PONTPOINT,PML,PERTE,15,0,0,0,0,0,-15
1522,2012-08-26,PONTPOINT,FRA,PERTE,0,30,0,0,0,0,-30
1525,2021-08-29,PONTPOINT,FRA,RECALCUL,0,0,7,0,7,7,7
1532,2009-05-02,POSES,PML,PERTE,50,0,0,0,0,0,-50
1534,2018-09-30,PRESLES,FRA,RECALCUL,0,11,10,0,21,21,10
1535,2012-09-30,PRESLES,PML,PERTE,30,0,0,0,0,0,-30
1539,2023-04-02,PUISEUX-PONTOISE,FRA,RECALCUL,0,20,15,0,3,3,-17
1541,2018-04-08,PUISEUX-PONTOISE,PML,RECALCUL,1,0,6,7,0,7,6
1544,2020-09-20,RAMBOUILLET,FRA,PERTE,0,20,0,0,0,0,-20
1545,2019-08-04,RAVENOVILLE,PML,RECALCUL,11,0,6,17,0,17,6
1546,2018-08-05,RAVENOVILLE,PML,RECALCUL,50,0,13,61,0,61,11
1547,2018-08-05,RAVENOVILLE,FRA,RECALCUL,0,3,26,0,29,29,26
1548,2022-08-15,REGNEVILLE-SUR-MER,PML,PERTE,20,0,0,0,0,0,-20
1550,2011-03-19,RIS-ORANGIS,FRA,MAISON,0,0,3,0,0,0,0
1551,2011-03-19,RIS-ORANGIS,PML,PERTE,30,0,0,0,0,0,-30
1552,2012-05-06,ROMILLY-SUR-ANDELLE,PML,PERTE,10,0,0,0,0,0,-10
1554,2016-07-09,ROUGEMONTIERS,PML,MAISON,0,0,4,0,0,0,0
1555,2010-06-20,ROY-BOISSY,PML,PERTE,8,0,0,0,0,0,-8
1556,2019-12-09,RUNGIS,PML,PERTE,117,0,0,0,0,0,-117
1558,2012-12-09,RUNGIS,PML,PERTE,45,0,0,0,0,0,-45
1559,2011-12-04,RUNGIS,PML,PERTE,30,0,0,0,0,0,-30
1562,2010-04-11,SAGY,PML,MAISON,0,0,15,0,0,0,0
1563,2011-04-10,SAGY,FRA,MAISON,0,0,30,0,0,0,0
1571,2022-11-20,SAINT-OUEN-L'AUMÔNE,PML,PERTE,25,0,0,0,0,0,-25
1572,2022-11-20,SAINT-OUEN-L'AUMÔNE,FRA,PERTE,0,15,0,0,0,0,-15
1576,2017-12-03,SAINT-BRICE-SOUS-FORÊT,FRA,RECALCUL,0,25,6,0,31,31,6
1577,2015-02-15,SAINT-BRICE-SOUS-FORÊT,PML,RECALCUL,26,0,2,28,0,28,2
1578,2011-05-08,SAINT-BRICE-SOUS-FORÊT,FRA,PERTE,0,50,0,0,0,0,-50
1579,2011-12-03,SAINT-BRICE-SOUS-FORÊT,PML,PERTE,20,0,0,0,0,0,-20
1580,2009-06-28,SAINT-BRICE-SOUS-FORÊT,PML,PERTE,80,0,0,0,0,0,-80
1582,2012-12-08,SAINT-BRICE-SOUS-FORÊT,PML,PERTE,8,0,0,0,0,0,-8
1584,2011-06-26,SAINT-BRICE-SOUS-FORÊT,FRA,MAISON,0,0,15,0,0,0,0
1585,2012-12-08,SAINT-BRICE-SOUS-FORÊT,FRA,PERTE,0,20,0,0,0,0,-20
1588,2013-03-23,SAINT-CLOUD,FRA,PERTE,0,5,0,0,0,0,-5
1591,2015-03-21,SAINT-CLOUD,FRA,RECALCUL,0,0,21,0,21,21,21
1592,2011-03-26,SAINT-CLOUD,PML,PERTE,50,0,0,0,0,0,-50
1593,2011-03-26,SAINT-CLOUD,FRA,MAISON,0,0,10,0,0,0,0
1595,2013-09-15,SAINT-DENIS-LE-FERMENT,PML,RECALCUL,0,0,15,13,0,13,13
1597,2015-08-15,SAINT-DENIS-LE-VETU,FRA,MAISON,0,0,15,0,0,0,0
1601,2018-06-10,SAINT-FIRMIN-DES-BOIS,PML,RECALCUL,0,0,15,15,0,15,15
1605,2009-04-12,SAINT-GERVAIS,PML,PERTE,40,0,0,0,0,0,-40
1611,2017-05-25,SAINT-LEU-LA-FORÊT,FRA,RECALCUL,0,0,2,0,2,2,2
1613,2009-09-20,SAINT-LEU-LA-FORÊT,PML,PERTE,30,0,0,0,0,0,-30
1614,2009-05-21,SAINT-LEU-LA-FORÊT,PML,PERTE,60,0,0,0,0,0,-60
1615,2010-09-19,SAINT-LEU-LA-FORÊT,PML,PERTE,180,0,0,0,0,0,-180
1616,2012-05-17,SAINT-LEU-LA-FORÊT,PML,PERTE,35,0,0,0,0,0,-35
1622,2020-09-06,SAINT-MARTIN-LA-GARENNE,FRA,PERTE,0,3,0,0,0,0,-3
1626,2015-03-22,SAINT-MAXIMIN,PML,PERTE,1,0,0,0,0,0,-1
1628,2019-05-01,SAINT-MEDARD-EN-JALLES,PML,MAISON,0,0,15,0,0,0,0
1630,2021-08-22,SAINT-MICHEL-DE-BANNIÈRES,PML,PERTE,120,0,0,0,0,0,-120
1631,2010-09-12,SAINT-NOM-LA-BRETECHE,PML,PERTE,40,0,0,0,0,0,-40
1632,2013-09-08,SAINT-OUEN-L'AUMÔNE,FRA,RECALCUL,0,115,40,0,155,155,40
1634,2015-09-13,SAINT-OUEN-L'AUMÔNE,PML,RECALCUL,0,0,10,9,0,9,9
1635,2016-09-11,SAINT-OUEN-L'AUMÔNE,FRA,RECALCUL,0,0,15,0,15,15,15
1637,2010-09-12,SAINT-OUEN-L'AUMÔNE,PML,PERTE,10,0,0,0,0,0,-10
1640,2010-09-12,SAINT-OUEN-L'AUMÔNE,FRA,PERTE,0,60,0,0,0,0,-60
1642,2015-09-13,SAINT-OUEN-L'AUMÔNE,FRA,RECALCUL,0,22,17,0,39,39,17
1644,2017-08-20,SAINT-PELLERIN,PML,RECALCUL,5,0,10,15,0,15,10
1651,2012-10-07,SAINT-PRIX,FRA,PERTE,0,5,0,0,0,0,-5
1652,2010-10-03,SAINT-PRIX,PML,PERTE,5,0,0,0,0,0,-5
1655,2019-05-08,SAINT-SAVIN,PML,PERTE,2,0,0,0,0,0,-2
1658,2014-06-15,SAINT-SULPICE-DE-POMMERAY,FRA,RECALCUL,0,1,3,0,4,4,3
1661,2021-09-04,SAINTE-GENEVIEVE,FRA,RECALCUL,0,1,12,0,13,13,12
1662,2019-07-27,SAINTE-MARIE-DU-MONT,PML,RECALCUL,3,0,2,5,0,5,2
1663,2018-07-28,SAINTE-MARIE-DU-MONT,PML,RECALCUL,74,0,2,76,0,76,2
1665,2009-05-08,SANNOIS,PML,PERTE,80,0,0,0,0,0,-80
1667,2014-05-08,SANNOIS,FRA,RECALCUL,0,0,5,0,5,5,5
1671,2017-06-18,SANNOIS,FRA,RECALCUL,0,11,0,0,9,9,-2
1673,2010-05-08,SANNOIS,PML,MAISON,0,0,45,0,0,0,0
1675,2011-05-08,SANNOIS,PML,PERTE,95,0,0,0,0,0,-95
1676,2017-10-15,SANNOIS,FRA,RECALCUL,0,18,27,0,45,45,27
1677,2015-05-08,SANNOIS,FRA,RECALCUL,0,2,12,0,14,14,12
1678,2010-05-08,SANNOIS,FRA,MAISON,0,0,37,0,0,0,0
1682,2023-04-29,SARCELLES,FRA,PERTE,0,85,0,0,0,0,-85
1683,2015-10-25,SARTROUVILLE,FRA,RECALCUL,0,0,10,0,8,8,8
1684,2015-04-12,SARTROUVILLE,PML,RECALCUL,30,0,10,40,0,40,10
1685,2016-03-20,SARTROUVILLE,PML,RECALCUL,10,0,2,12,0,12,2
1687,2012-04-01,SARTROUVILLE,PML,PERTE,60,0,0,0,0,0,-60
1688,2013-03-24,SARTROUVILLE,PML,PERTE,50,0,0,0,0,0,-50
1689,2016-03-21,SARTROUVILLE,FRA,MAISON,0,0,2,0,0,0,0
1693,2017-03-26,SARTROUVILLE,FRA,RECALCUL,0,13,1,0,14,14,1
1694,2012-11-17,SARTROUVILLE,PML,PERTE,15,0,0,0,0,0,-15
1695,2014-04-06,SARTROUVILLE,FRA,PERTE,0,42,39,0,0,0,-42
1696,2015-04-12,SARTROUVILLE,FRA,RECALCUL,0,35,42,0,77,77,42
1697,2013-03-24,SARTROUVILLE,FRA,MAISON,0,0,25,0,0,0,0
1698,2016-04-03,SARTROUVILLE,FRA,RECALCUL,0,3,8,0,10,10,7
1700,2014-04-06,SARTROUVILLE,PML,RECALCUL,20,0,4,24,0,24,4
1701,2012-10-21,SARTROUVILLE,PML,PERTE,10,0,40,0,0,0,-10
1702,2011-02-12,SARTROUVILLE,PML,PERTE,25,0,5,0,0,0,-25
1705,2010-09-26,SARTROUVILLE,PML,PERTE,10,0,0,0,0,0,-10
1709,2011-02-13,SARTROUVILLE,PML,PERTE,10,0,0,0,0,0,-10
1710,2012-05-17,SARTROUVILLE,PML,PERTE,10,0,0,0,0,0,-10
1712,2013-11-16,SARTROUVILLE,PML,RECALCUL,0,0,12,12,0,12,12
1715,2011-10-16,SARTROUVILLE,PML,PERTE,30,0,0,0,0,0,-30
1718,2023-05-18,SEUGY,FRA,PERTE,0,20,0,0,0,0,-20
1721,2011-06-02,SEUGY,PML,PERTE,15,0,0,0,0,0,-15
1723,2011-06-19,SOISY-SOUS-MONTMORENCY,PML,PERTE,10,0,0,0,0,0,-10
1725,2010-05-29,SUCY-EN-BRIE,PML,MAISON,0,0,31,0,0,0,0
1728,2015-09-27,TAVERNY,FRA,RECALCUL,0,3,35,0,38,38,35
1729,2013-09-29,TAVERNY,FRA,RECALCUL,0,5,15,0,20,20,15
1730,2013-11-11,TAVERNY,PML,RECALCUL,0,0,40,40,0,40,40
1731,2014-09-28,TAVERNY,FRA,RECALCUL,0,2,27,0,29,29,27
1735,2016-09-04,THEMERICOURT,PML,RECALCUL,0,0,14,14,0,14,14
1736,2022-09-04,THEMERICOURT,FRA,RECALCUL,0,0,21,0,21,21,21
1737,2016-09-04,THEMERICOURT,FRA,RECALCUL,0,0,6,0,6,6,6
1744,2018-07-28,TRIBEHOU,PML,RECALCUL,17,0,15,32,0,32,15
1745,2022-10-09,TRIE-CHÂTEAU,FRA,RECALCUL,0,90,0,0,12,12,-78
1746,2021-10-10,TRIE-CHÂTEAU,FRA,RECALCUL,0,6,100,0,106,106,100
1748,2016-10-09,TRIE-CHÂTEAU,PML,RECALCUL,20,0,20,40,0,40,20
1751,2013-10-13,TRIE-CHÂTEAU,FRA,RECALCUL,0,14,10,0,24,24,10
1753,2011-10-08,TRIE-CHÂTEAU,PML,PERTE,15,0,0,0,0,0,-15
1756,2013-09-21,TRIEL-SUR-SEINE,FRA,RECALCUL,0,2,5,0,7,7,5
1758,2010-09-25,TRIEL-SUR-SEINE,FRA,PERTE,0,20,0,0,0,0,-20
1761,2013-04-07,US,FRA,PERTE,0,6,0,0,0,0,-6
1763,2015-04-05,US,FRA,RECALCUL,0,4,16,0,20,20,16
1767,2017-09-03,VAIRES-SUR-MARNE,PML,RECALCUL,51,0,5,56,0,56,5
1768,2019-09-01,VAIRES-SUR-MARNE,FRA,PERTE,0,2,0,0,0,0,-2
1773,2017-03-19,VALMONDOIS,PML,RECALCUL,2,0,17,19,0,19,17
1775,2010-03-21,VALMONDOIS,PML,MAISON,0,0,5,0,0,0,0
1776,2017-03-19,VALMONDOIS,FRA,RECALCUL,0,0,11,0,11,11,11
1777,2015-08-09,VALOGNES,FRA,RECALCUL,0,0,15,0,13,13,13
1778,2022-08-07,VALOGNES,FRA,RECALCUL,0,255,5,0,260,260,5
1781,2019-08-04,VALOGNES,PML,RECALCUL,23,0,25,48,0,48,25
1788,2011-03-21,VARENNES-SUR-SEINE,PML,PERTE,110,0,0,0,0,0,-110
1790,2014-04-27,VAUREAL,FRA,PERTE,0,15,15,0,0,0,-15
1795,2015-05-01,VAUX-SUR-SEINE,FRA,RECALCUL,0,0,12,0,12,12,12
1796,2015-05-01,VAUX-SUR-SEINE,PML,RECALCUL,12,0,10,22,0,22,10
1798,2013-05-01,VAUX-SUR-SEINE,FRA,PERTE,0,5,0,0,0,0,-5
1799,2022-05-01,VAUX-SUR-SEINE,FRA,RECALCUL,0,0,5,0,4,4,4
1801,2018-05-07,VEMARS,PML,RECALCUL,4,0,10,14,0,14,10
1803,2018-05-07,VEMARS,FRA,MAISON,0,0,3,0,0,0,0
1806,2023-06-03,VERNEUIL-SUR-SEINE,FRA,RECALCUL,0,0,6,0,6,6,6
1809,2013-06-01,VERNEUIL-SUR-SEINE,FRA,RECALCUL,0,2,5,0,7,7,5
1811,2015-06-07,VERNEUIL-SUR-SEINE,FRA,RECALCUL,0,2,19,0,21,21,19
1814,2010-06-05,VERNEUIL-SUR-SEINE,FRA,MAISON,0,0,30,0,0,0,0
1818,2019-06-23,VETHEUIL,PML,RECALCUL,34,0,16,50,0,50,16
1821,2020-08-23,VEXIN-SUR-EPTE,PML,RECALCUL,0,0,30,25,0,25,25
1825,2009-07-05,VIARMES,FRA,PERTE,0,32,0,0,0,0,-32
1826,2013-04-01,VIARMES,PML,PERTE,4,0,0,0,0,0,-4
1828,2010-04-05,VIARMES,FRA,MAISON,0,0,43,0,0,0,0
1831,2011-04-25,VIARMES,PML,PERTE,80,0,0,0,0,0,-80
1832,2013-07-07,VIARMES,FRA,PERTE,0,15,10,0,0,0,-15
1836,2010-03-07,VILLAINES-SOUS-BOIS,PML,MAISON,0,0,26,0,0,0,0
1837,2011-03-06,VILLAINES-SOUS-BOIS,PML,PERTE,21,0,0,0,0,0,-21
1838,2014-03-02,VILLAINES-SOUS-BOIS,PML,PERTE,6,0,0,0,0,0,-6
1840,2012-03-04,VILLAINES-SOUS-BOIS,PML,PERTE,10,0,0,0,0,0,-10
1841,2010-03-07,VILLAINES-SOUS-BOIS,FRA,MAISON,0,0,21,0,0,0,0
1842,2009-03-01,VILLAINES-SOUS-BOIS,PML,PERTE,145,0,0,0,0,0,-145
1843,2010-10-10,VILLAINES-SOUS-BOIS,PML,PERTE,20,0,0,0,0,0,-20
1848,2014-11-08,VILLENEUVE-SAINT-GEORGES,PML,RECALCUL,21,0,20,41,0,41,20
1849,2016-08-28,VILLENEUVE-SUR-VERBERIE,PML,RECALCUL,0,0,7,5,0,5,5
1852,2012-09-30,VILLENNES-SUR-SEINE,FRA,PERTE,0,65,0,0,0,0,-65
1853,2011-09-25,VILLENNES-SUR-SEINE,FRA,MAISON,0,0,30,0,0,0,0
1854,2010-09-26,VILLENNES-SUR-SEINE,FRA,PERTE,0,10,0,0,0,0,-10
1857,2017-09-10,VILLEPARISIS,FRA,RECALCUL,0,32,0,0,30,30,-2
1858,2013-04-14,VILLEPINTE,PML,PERTE,4,0,0,0,0,0,-4
1860,2013-05-25,VILLERS-EN-ARTHIES,FRA,PERTE,0,6,0,0,0,0,-6
1865,2021-08-28,VILLERS-SOUS-SAINT-LEU,FRA,RECALCUL,0,0,22,0,22,22,22
1867,2019-08-25,VILLERS-SOUS-SAINT-LEU,PML,PERTE,23,0,12,0,0,0,-23
1872,2010-08-29,VILLIERS-EN-DÉSŒUVRE,FRA,PERTE,0,10,0,0,0,0,-10
1874,2011-04-16,VILLIERS-LE-BEL,PML,PERTE,13,0,0,0,0,0,-13
1875,2010-10-17,VILLIERS-LE-BEL,FRA,PERTE,0,45,0,0,0,0,-45
1876,2012-04-21,VILLIERS-LE-BEL,PML,PERTE,13,0,0,0,0,0,-13
1878,2016-04-09,VILLIERS-LE-BEL,FRA,MAISON,0,3,1,0,3,3,0
1879,2011-05-28,VILLIERS-SUR-MARNE,PML,PERTE,30,0,0,0,0,0,-30
1885,2016-05-28,VILLIERS-SUR-MARNE,PML,RECALCUL,9,0,7,16,0,16,7
1887,2015-05-30,VILLIERS-SUR-MARNE,FRA,RECALCUL,0,24,120,0,144,144,120
1888,2019-06-01,VILLIERS-SUR-MARNE,FRA,RECALCUL,0,11,1,0,12,12,1
1890,2012-06-02,VILLIERS-SUR-MARNE,PML,PERTE,40,0,0,0,0,0,-40
1894,2022-06-26,VIROFLAY,FRA,RECALCUL,0,0,4,0,4,4,4
1896,2013-05-01,WY-DIT-JOLI-VILLAGE,FRA,PERTE,0,10,0,0,0,0,-10
1897,2012-05-01,WY-DIT-JOLI-VILLAGE,FRA,PERTE,0,20,0,0,0,0,-20
1901,2024-09-01,BEZU-SAINT-ELOI,PML,RECALCUL,4,0,2,6,0,6,2
1907,2024-05-05,CONFLANS-SAINTE-HONORINE,FRA,PERTE,0,1,0,0,0,0,-1
1911,2024-04-07,NEUILLY-EN-THELLE,FRA,PERTE,0,1,0,0,0,0,-1
1931,2024-06-09,MARINES,PML,RECALCUL,25,0,50,75,0,75,50
1933,2024-03-10,ABLEIGES,FRA,PERTE,0,4,0,0,0,0,-4
1938,2024-05-11,ABLEIGES,PML,RECALCUL,11,0,4,15,0,15,4
1945,2024-07-13,ABLEIGES,FRA,PERTE,0,1,0,0,0,0,-1
1953,2024-09-15,CARRIÈRES-SOUS-POISSY,PML,RECALCUL,31,0,7,38,0,38,7
1958,2024-03-17,ANDRESY,FRA,PERTE,0,10,0,0,0,0,-10
1959,2024-03-17,ANDRESY,PML,RECALCUL,0,0,4,4,0,4,4
1963,2024-08-18,MUIDS,PML,RECALCUL,2,0,44,46,0,46,44
1968,2024-05-20,COMMENY,FRA,RECALCUL,0,43,1,0,44,44,1
1976,2024-02-24,ABLEIGES,FRA,PERTE,0,8,0,0,0,0,-8
1984,2024-05-25,ABLEIGES,PML,RECALCUL,15,0,15,30,0,30,15
1986,2024-08-25,PONTPOINT,FRA,RECALCUL,0,13,10,0,23,23,10
1989,2024-08-25,PONTPOINT,PML,RECALCUL,23,0,25,46,0,46,23
1991,2024-05-26,CERGY,FRA,RECALCUL,0,2,6,0,8,8,6
1995,2024-01-27,ABLEIGES,FRA,PERTE,0,4,0,0,0,0,-4
1999,2024-04-28,CONFLANS-SAINTE-HONORINE,PML,RECALCUL,32,0,4,36,0,36,4
2005,2024-09-29,CERGY,PML,PERTE,24,0,0,0,0,0,-24
2011,2024-10-27,MONTESSON,PML,RECALCUL,73,0,10,83,0,83,10
2013,2024-11-03,CHELLES,PML,RECALCUL,6,0,10,16,0,16,10
2015,2024-11-09,ABLEIGES,PML,RECALCUL,28,0,40,68,0,68,40
2022,2025-02-23,ABLEIGES,FRA,RECALCUL,0,5,5,0,10,10,5
2028,2025-03-23,ABLEIGES,FRA,PERTE,0,51,0,0,0,0,-51
2030,2025-03-29,HERBLAY,FRA,RECALCUL,0,11,30,0,41,41,30
2036,2025-04-14,SAGY,FRA,RECALCUL,0,25,17,0,42,42,17
2039,2025-04-21,OINVILLE-SUR-MONTCIENT,FRA,RECALCUL,0,31,10,0,41,41,10
2049,2025-05-10,PIERRELAYE,PML,RECALCUL,54,0,6,60,0,60,6
2053,2025-05-11,ECOUEN,PML,RECALCUL,119,0,8,127,0,127,8
2055,2025-05-11,ABLEIGES,PML,PERTE,5,0,0,0,0,0,-5
2057,2025-05-17,POISSY,PML,RECALCUL,27,0,5,32,0,32,5
2079,2025-05-30,COYE-LA-FORET,PML,RECALCUL,0,0,27,13,0,13,13
2083,2025-06-08,BOIS-D'ARCY,PML,RECALCUL,69,0,0,64,0,64,-5
2085,2025-06-08,BOIS-D'ARCY,FRA,PERTE,0,2,0,0,0,0,-2
2091,2025-06-15,ABLEIGES,PML,RECALCUL,7,0,7,14,0,14,7
2094,2025-06-22,ERMONT,FRA,RECALCUL,0,0,4,0,4,4,4
2110,2025-07-14,GRAND-FORT-PHILIPPE,PML,RECALCUL,0,0,10,10,0,10,10
2112,2025-07-14,LOOBERGHE,PML,RECALCUL,10,0,5,15,0,15,5
2115,2025-07-14,LOOBERGHE,FRA,RECALCUL,0,3,15,0,18,18,15
2117,2025-08-15,LE VAUDREUIL,PML,RECALCUL,17,0,22,34,0,34,17
2118,2025-08-15,VEXIN-SUR-EPTE,PML,RECALCUL,5,0,7,12,0,12,7
2119,2025-08-15,HACQUEVILLE,PML,RECALCUL,2,0,9,11,0,11,9
2122,2025-08-15,HACQUEVILLE,FRA,RECALCUL,0,0,15,0,15,15,15
2123,2025-08-17,MUIDS,PML,RECALCUL,39,0,10,49,0,49,10
2124,2025-08-17,MUIDS,FRA,PERTE,0,15,10,0,0,0,-15
2126,2025-09-06,THIVERVAL-GRIGNON,FRA,RECALCUL,0,34,25,0,59,59,25
2128,2025-09-07,GISORS,PML,RECALCUL,3,0,10,13,0,13,10
2131,2025-09-07,THEMERICOURT,FRA,RECALCUL,0,4,20,0,24,24,20
2132,2025-09-13,ABLEIGES,FRA,RECALCUL,0,8,5,0,13,13,5
2137,2025-09-20,NEUILLY-EN-VEXIN,FRA,RECALCUL,0,2,6,0,8,8,6
2138,2025-09-21,CERGY,PML,RECALCUL,0,0,6,6,0,6,6
2142,2025-09-28,PRESLES,PML,RECALCUL,9,0,15,24,0,24,15
2143,2025-09-28,LE THILLAY,FRA,RECALCUL,0,0,2,0,2,2,2
2148,2025-10-12,TRIE-CHÂTEAU,FRA,RECALCUL,0,1,7,0,8,8,7
2153,2025-11-09,ABLEIGES,FRA,RECALCUL,0,14,92,0,106,106,92
2156,2025-11-22,PONTOISE,FRA,RECALCUL,0,10,10,0,20,20,10
2158,2025-12-14,ABLEIGES,FRA,RECALCUL,0,5,4,0,9,9,4
2159,2026-01-17,ABLEIGES,FRA,PERTE,0,519,209,0,0,0,-519
2162,2026-03-08,PONTOISE,PML,RECALCUL,10,0,13,23,0,23,13
2163,2026-03-08,PONTOISE,FRA,RECALCUL,0,5,0,0,4,4,-1
2164,2026-03-14,ABLEIGES,PML,RECALCUL,135,0,23,158,0,158,23
2165,2026-03-14,ABLEIGES,FRA,RECALCUL,0,97,20,0,115,115,18
2166,2026-03-15,ABLEIGES,PML,RECALCUL,8,0,3,11,0,11,3
2167,2026-03-15,ABLEIGES,FRA,RECALCUL,0,5,8,0,13,13,8
2168,2026-03-22,CERGY,PML,RECALCUL,4,0,2,6,0,6,2
2170,2026-03-28,ABLEIGES,PML,RECALCUL,17,0,20,37,0,37,20
2171,2026-03-28,ABLEIGES,FRA,RECALCUL,0,0,13,0,13,13,13
2172,2026-03-29,NUCOURT,PML,RECALCUL,11,0,25,36,0,36,25
2176,2026-04-05,US,PML,RECALCUL,42,0,12,54,0,54,12
2177,2026-04-05,US,FRA,RECALCUL,0,2,10,0,12,12,10
2181,2026-04-06,L'ISLE-ADAM,PML,RECALCUL,34,0,5,39,0,39,5
2189,2026-04-19,CERGY,PML,PERTE,11,0,0,0,0,0,-11
2191,2026-04-26,CONFLANS-SAINTE-HONORINE,FRA,RECALCUL,0,5,8,0,13,13,8
2192,2026-04-26,ABLEIGES,PML,RECALCUL,18,0,9,27,0,27,9
2193,2026-04-26,ABLEIGES,FRA,RECALCUL,0,2,9,0,11,11,9
2208,2026-05-10,DOUDEAUVILLE-EN-VEXIN,FRA,RECALCUL,0,2,8,0,10,10,8
2220,2026-05-17,MONTPINCHON,PML,MAISON,0,0,10,0,0,0,0
2222,2026-05-23,GONNEVILLE,PML,RECALCUL,17,0,10,27,0,27,10
2237,2026-06-14,PONTOISE,PML,RECALCUL,37,0,5,2,0,2,-35
2239,2026-06-13,ABLEIGES,PML,RECALCUL,5,0,9,14,0,14,9
2254,2026-06-28,ABLEIGES,FRA,RECALCUL,0,3,3,0,6,6,3
2259,2026-07-19,GASNY,FRA,RECALCUL,0,21,1,0,22,22,1
2260,2026-07-12,GODEWAERSVELD,PML,PERTE,5,0,0,0,0,0,-5
2261,2026-07-19,BREVAL,FRA,RECALCUL,0,15,9,0,24,24,9
2262,2026-07-14,MALO-LES-BAINS,FRA,RECALCUL,0,4,12,0,16,16,12
